sequence1,sequence2,alignment_text,score
ENFYHCTRENERQTNYEIPLFCVCEPWLTSWPACCPWDLGFCPHTRVWDVWLNTCACETHQLYMWQLPYYNWKEWISKPAHSEKHYWSPQHNHPAHSYSFWFGSTPVHNRHDISCTRVEYFPFWIEKARQVYWETTDDWFVSRMHMFKSCTFSYVFPAVTNWSQVFENHVKPCSPDRDQTLDLRRQGFTYDMIDVIDYLVPNVPNYTAPEQDWDWRPAGWVTITGFMIHFREQWWHMNDHPAQYECQRRLTQLWHGMKSAFHIDWSFMCTMHEMDSEYIYAWSMRVGAELTVEHFHLSASNNTKCMFMTNMHE,KKDLNELFDHPMRQAGCCYGETRAWREEWQASNCHMLCDYCHDGTSDPRPGIGSKWRWRHACEMSSLLQAPEDMNNLYGFTKKEG,ENFYHCTRENERQTNYEIPLFCVCEPWLTSWPACCPWDLGFCPHTRVWDVWLNTCACETHQLYMWQLPYYNWKEWISKPAHSEKHYWSPQHNHPAHSYSFWFGSTPVHNRHDISCTRVEYFPFWIEKARQVYWETTDDWFVSRMHMFKSCTFSYVFPAVTNWSQVFENHVKPCSPDRDQTLDLRRQGFTYDMIDVIDYLVPNVPNYTAPEQDWDWRPAGWVTITGFMIHFREQWWHMNDHPAQYECQRRLTQLWHGMKSAFHIDWSFMCTMHEMDSEYIYAWSMRVGAELTVEHFHLSASNNTKCMFMTNMHE ----------KKDLN-E--LF--DHP---MRQA------G-C------------CYGET----------RAWRE--------E---W--Q----A--------S----N-----C-----------------------------HM--LC--DY------------------C-------HD----G-T------SD-----------P------RP-G---I-G--SKWR---W-------------R-----H----A--------C---EM-S------S-LLQA---PE-----DMNN-LYGF-TKKEG,-439
IHCIRFKRRIDWNDNYAPEPEGMPNHPEVGDCNAEQIFLQYVHHFWDEWEPQQYNDAYAFQETRTQFGTTWAVTMTGMVMKGGWPIRGQKPFEWEFHGLMDADYMKIARCAAYYYGMKNFKKFYAVEQFHQSAMNRPYHSNGTYYFQAMNISMFHPHRQGTIPVLFWVQMLFPSKFGSPASFHIVMNDIYTPEQDMGIMIYMCLSTEISQLNARVDEYICFGLFLQLSCEGRSKIDNR,FQTNGTQQICAIDTMMMMFAHEKKTNAERSMGVYTLVAWPTLGEFYRRTAWWIIPYICVLKATGAWAEEFRSWHTQHWSSPLRHRIIVDTNEPHFTVSPHRLLEQQSNNERMEVQWLFREKKQFQRYASEGMKGDHKYGTSINRIICRNWKDVYHAPCDQIDVWDHPFPDTDNKIRMQKAYDKSVDHHKDCQARFIKFHHKQHTHCWMLKTKHVDSNCWKTSPT,IHCIRFKRRIDWNDNYAPEPEGMPNHPEVGDCNAEQIFLQYVHHFW-DEWEPQQYNDAYAFQETRTQFGT-TWA-VTMTGMVMKGGWPIR-GQKPFEWEFHGLMDADYMKIARCAAYYYGMKNFKKFYAVEQFHQSAMNRPYHSNGTYYFQAMNISMFHPHRQGTIPVLFWVQMLFPSKFGSPASFHIVMNDIYTPEQDMGIMIYMCLSTEISQLNARVDEYICFGLFLQLSCEGRSKIDNR -FQTNGTQQICAID----TMMMMFAH-E-KKTNAERSMGVYTLVAWPTLGEFYRRTAWWIIPYICVLKATGAWAEEFRSWHTQHWSSPLRHRIIVDTNEPH--FTVSPHRLLEQQSNNERMEVQWLFREKKQF-QRYASEGMKGDHKYGTSINRIICRNWKDVYHAPCDQIDVWDHP--F-PDTDNKIRMQKAYDKSVD---HHKDCQARFI--KFHHKQHTHCWMLKTKHVDSNCWKTSPT,-190
IYMIDIAFIIGGGVINDRPYGKMMWTCFACANVLHNDPWEKCTLFGAHCTKKFCVYRLCHYGANAFLWSAVWCFMWMAQEYNNCFNHGESKVKQVIITGDKRIISWLGKLEGFMKWHNKLLYLNWVPDDYVNLWNHDFWCCPLNDWFIRESKAFPHFHGGLWKSWKQREDCYQMSMKLWSQKWMMRYTWSCGTNYAMRYFEYMEIWCRRPREGTLAFNHNTDPCPETQLFPGLVAFLENNYGPDFELEVQCWMRLGHHNDYDIMCPEMMWLCFDWFRQDGTFCDQFESHDVARTAVRKSPMQLCGNEQYWEYMRGWQ,VYMCNARVIRRVKDKDREYAMMCKNCYRTTEVKQYQKEIQSTCIFCIHLFQMAMYSVMTFLDRLLSKGED,IYMIDIAFIIGGGVINDRPYGKMMWTCFACANVLHNDPWEKCTLFGAHCTKKFCVYRLCHYGANAFLWSAVWCFMWMAQEYNNCFNHGESKVKQVIITGDKRIISWLGKLEGFMKWHNKLLYLNWVPDDYVNLWNHDFWCCPLNDWFIRESKAFPHFHGGLWKSWKQREDCYQMSMKLWSQKWMMRYTWSCGTNYAMRYFEYMEIWCRRPREGTLAFNHNTDPCPETQLFPGLVAFLENNYGPDFELEVQCWMRLGHHNDYDIMCPEMMWLCFDWFRQDGTFCDQFESHDVARTAVRKSPMQLCGNEQYWEYMRGWQ VYM-CNA-----RVI--R-------------RV-------K---------DK---DR--EY--------A----M-M---CKNCYRTTE--VKQ----YQKEIQS----------------------------------TC------I--------F-------------C----IHL-FQ---M----------AM-Y-SVM-----------------------T--------FL------D---------RL---------------L----------------S---------K------G-----E-----D,-474
TDMFFQHWMEPPAPRRGSIYMKYEKTPCNALEAWGFHIWNVPDFIQKWTHLTSSHTDGYHNCLRAEWKDDYLHNVHMSWFGQADTHVPAEGIQQPHHWHISTYLAEHRPASNVKPARATDACVNCIMHGDWSMNGVMKRWLVFMCRIFGQLLIYTAITMWHNS,AKQRGWLHHYAPVVQRSYFHQNYRMDLGHYRTKVDYCLHKLNKKKQFWHYADHIGSMKPGYNMSALPSGLYDEPFCKDLNFFRCRIQPCYLLCEMTEPRPWTPIETDTHCFHCKMVNPALGNHGIQHFAVFGQHINYKSISSWMRFLRHKKRKLNPWQMSCMPKPVSLWAINHQSLENPPHPYYEDAHVCHL,-TDMFFQHWMEPPAPR--RGSIY-M---KY-EK-TPCNALEAWGFHIWNVPDFI--QKWTHLTSSHTDG-Y--HNC--L---RAEWKDDY-L--HNVHMSW-FGQADTHVPAEGIQQP-HHWH-I--STYLAEH-RPASNVKPARATDACVNCIMHGDWS-MNGVMKRWLVFMCRIFGQLLIYTAITMWHNS AKQRGWLHHYAPVVQRSYFHQNYRMDLGHYRTKVDYCLHKLNKKKQFWHYADHIGSMKPGYNMSALPSGLYDEPFCKDLNFFRCRIQPCYLLCEMTEPRPWTPIETDTHCFHCKMVNPALGNHGIQHFAVFGQHINYKSISSWMRFLRHKKRKLNPWQMSCMPKPVSLWAINHQSLENPPHPYYEDAHVCHL,-153
AAPPDMQGEMVDLEIGILGCISHNYNENVHPFYAWRKHTEVYGYCHQNNVAGHRADKHYVEIKEVPISLPGRPTGVWTYRPWFPLKTQLFCKMFTCDTGKEGMPCWWRKFLFQIGKSMWNYFFSYYETDECYCYDHADYLQWDMGPMQMMFAMSRTYFMGPKNHNSMQVSESAIHWIHPSRWL,MIRQITYMSDPHESFDPSAIGYLSSNWQGTPWGCAYLREYITACFCWHSAHIICGWMMLRKNDEFN,AAPPDMQGEMVDLEIGILGCISHNYNENVHPFYAWRKHTEVYGYCHQNNVAGHRADKHYVEIKEVPISLPGRPTGVWTYRPWFPLKTQLFCKMFTCDTGKEGMPCWWRKFLFQIGKSMWNYFFSYYETDECYCYDHADYLQWDMGPMQMMFAMSRTYFMGPKNHNSMQVSESAIHWIHPSRWL ---------M----------I--------------RQIT----Y---------MSDPH--E-SFDP-S----AIG---Y---------L-------SSNWQGTP--W-------G---CAY-LREYIT-ACFC-WH--SAHIICG---WM--MLR------K--N----DE----------FN,-240
HYFCWLEEGQTALAQNCYEHKCESWGAMWWRKAWNVLDNLCSFGAQHQAGNVESGEKLSQASCVWERRCLYCDGQKLAIDTVFDTQQNPSAHHEAYWSLECYIIKWNNMPLGDCKNHFGGQYRFFVGMCRCSPMDGNSIIPRAYNIWHMKNYHHEYRWNMHRTHVTQKNGTHINVWLRIKHNLCGAYQWYPCVCTIETRWKPSCAHNMAVNWWWSYRIRFVANRAGISDAE,DLRASDRWLLNGNDWTPFAIGLCLQVKMKFHMVQIVGAYLNENIIEPCMEPFHKTWMKEYQNDIEVNYIWPCEADNTQGNEHQRGEAKSDVIQLYHAKYLLFYCTYWYHVIEIFETLGSQPDHLHVDYYDSALHIPGQEGHFMALCGFFNQDILRYRLHDSQGSLYSQYVFKPFCQLNCFFKPVLGCGSIQEKCVPTVTNWCFNGWTPRQIESMAGLRLGPTPMRLKGRWQPPSQCHNFIYAYGAFNIVVCAHFGNIQYTQITMKTGFFFPCGPTAIDYGEQMKTKPAPVTNQSMIV,---HYFCWLEEG--QT--A--L-AQ-NCYEHKCESWGA----------M-----WWRK-AWN-VLDN-LCSFGAQHQAGN-VESGE-KLSQASCVWERRCL-YCDGQKLAIDTVFDT--QQNPSAHHEAYWS-LECYIIKWNNMPL-G----D---CKNH--FG---GQYRF--F-VGMCRCSPMDG-NSI----IPRAYNIWHMKNYHHEYRWNM--HRTHVTQKNGTHINVWLRIKHNLCGAY-QWYPCVC----TI-ET--RWK--PSCAHNMAVNWWWSYRIRFVANRAGISDAE DLRASDRWLLNGNDWTPFAIGLCLQVKMKFHMVQIVGAYLNENIIEPCMEPFHKTWMKEYQNDIEVNYIWPCEADNTQGNEHQRGEAKSDVIQLYHAKYLLFYCTYWYHVI-EIFETLGSQPDHLHVDYYDSALHIPGQEGHFMALCGFFNQDILRYRLHDSQGSLYSQYVFKPFCQLNCFFKPVLGCGSIQEKCVPTVTN-WCFNGWTPRQIESMAGLRLGPTPMRLKGRWQPPSQCHNFIYAYGAFNIVVCAHFGNIQYTQITMKTGFFFPCGPTAIDYGEQMKTKPAPVTNQSMIV,-241
MGGVGFSWFGPHYSKMDQNLTSGPNHLQSGDAKSRIFYILCGWCAGDIITDFFAKWFEYNADLDADRSHKIRPILLLNNIYCGMKAVKKLRLDRDIYEQPQILNQIAVVEFTGKGGIKYSNHSPNNGGPGTDYRLAPETKRRQIEQTSKGVVGAHLWYCHSLDEPRRFDRLYQTANYLEWWYRRATFTFMGMDFWWIRFPDHNNEKHQYFAKRFVEFQREQTWYQYPVWVGYMWGIWWHWKGNPARESMFRGVAETRQANFIILVTHWRTGYMSCWPTPASFLWVLSVDWGENAGWWKFLVWK,YRDCISAHKYGHEPWHSFNNDYWMWGQYIHSDNNKLTLNGTVMWKFMMHGIR,MGGVGFSWFGPHYSKMDQNLTSGPNHLQSGDAKSRIFYILCGWCAGDIITDFFAKWFEYNADLDADRSHKIRPILLLNNIYCGMKAVKKLRLDRDIYEQPQILNQIAVVEFTGKGGIKYSNHSPNNGGPGTDYRLAPETKRRQIEQTSKGVVGAHLWYCHSLDEPRRFDRLYQTANYLEWWYRRATFTFMGMDFWWIRFPDHNNEKHQYFAKRFVEFQREQTWYQYPVWVGYMWGIWWHWKGNPARESMFRGVAETRQANFIILVTHWRTGYMSCWPTPASFLWVLSVDWGENAGWWKFLVWK ------------Y---------------------R-----------DCI--------------SA---HK----------Y-G-------------HE-P--------------------WHSFNN-----DY----------------WMWG---QYIHS-------D-----NNKL---------T--------------LN----------------GT-------V--M------WK------FMMHG----------I-----R----------------------------------,-484
TQRILDCYDDWEHMWWPMTTYQDERTKKIPMMGMCTTNHKDSLDGRAEMQWGMLGYAQTVFKQWIITTALWCYIVQYYWHYSQPNINGYKFTHRDPAEDDRQGYNPIKKSDFTWGWDPHLKKYTDWNQQPPDAAPISLHLASNQFTVPTDRPRTHGIPWMGFMSSYTQSWFFASDFEITDVSAEKELMWRNIIDDAARCFDWSWGVSDGFIFQCQKTNVNVRWGMYLPGWLNSEMHMNFGNKRQIGNVCCPGEIRASDEDMGWKKQLMFANFFAYAKEHECAS,NIALSRPEILDYPYCCDFRGQSMASEWESQRVRPKQYDLHRFDCLFAQRTPLEPIIWMCECDVEEKESVCVDWRLLELPAGHHYYH,TQRILDCYDDWEHMWWPMTTYQDERTKKIPMMGMCTTNHKDSLDGRAEMQWGMLGYAQTVFKQWIITTALWCYIVQYYWHYSQPNINGYKFTHRDPAEDDRQGYNPIKKSDFTWGWDPHLKKYTDWNQQPPDAAPISLHLASNQFTVPTDRPRTHGIPWMGFMSSYTQSWFFASDFEITDVSAEKELMWRNIIDDAARCFDWSWGVSDGFIFQCQKTNVNVRWGMYLPGWLNSEMHMNFGNKRQIGNVCCPGEIRASDEDMGWKKQLMFANFFAYAKEHECAS --NI--------ALSRP------E----ILDYPYC-------CDFR--------G-------Q---SMA-------SEW-ESQ----------R-----VR----------------P--KQY-D--LHRFD----CL-FA--QRT-P-LEP----IIW---M------------CE-CDV-EEKE----------------S--V-------C------VDW--RL---L--E---------------LP----A-----G----------HHY--YH----,-384
LQIGFTFHRNWENFNKLDDEETNLSHGFQNVVAQFHCGTKLRCFDRGPMPFFCLNNTGHLTYLCQCCQCQPWYVAWCSMVSLYVFIFGQPDKCANSMFMMRKEVNGGWITYAIWNGWDKLLKQLDNPHVVRCSHVQHAICTNATRLNGGDWAVWKKNFGTLVVDFGIMEGTGEFMFQVLSTMLRPMGVPAQGMWKDSGAYLIKTLHIVMAWGVTISPMGETRSKNPQYQFVAQMRLMMRVCQEICYECPVDCTEFPVAMKIQTSVVAGDALMNWIITQMVNPGEYNLQFFACIHISCKFNRTPQGNLTVDKAVFFGEMKMLNMGTESIYEGPTAIC,KCDHLHHMTPFLVETYWPPQGTYKWDDYAEDNHVSWCNVRLRWRIFLRCNPLMCEAYIVIGMVWTCIKAFVDDTGGHMQIWTGIYENYAFNCPEFKEKCVMMIVLPPVGGDQYMSNVSEDIMGRIDCPGWTCINHWTEGRNALLQMKYSIYWADFAAGWSPNERWIEPGMMSWPQIKDARAEVHPRYFTMLYRQVVAYHMWTAKQIRNVKGKRPD,LQIGFTFHRNWENFNKLDDEETNLSHGFQNVVAQFHCGTKLRCFDRGPMPFFCLNNTGHLTYLCQCCQCQPWYVAWCSMVSLYVFIFGQPDKCANSMFMMRKEVNGGWITYAIWNGWDKLLKQLDNPHVVRCSHVQHAICTNATRLNGGDWAVWKKNFGTLVVDFGIMEGTGEFMFQVLSTMLRPMGVPAQGMWKDSGAYLIKTLHIVMAWGVT-ISPMGETRSKNPQYQFVAQMRLMMRVCQEICYECPVDCTEFPVAMKIQTSVVAGDALMNWIITQMVNPGEYNLQFFACIHISCKFNRTPQGNLTVDKAVFFGEMKMLNMGTESIYEGPTAIC ---------------K-CD---HL-H---------H-MTPFLVETYWP-P------QG--TY-KWDDYAEDNHVSWC-NVRLRWRIF---LRC-N--PLM-CE---AYI--VIGMVW-TCIK---AFVDDTGGHMQ--IWT-GIYEN---YA-----F--NCPEF--KE--KCVMMIV----LPPVG-GDQYMSNVS--EDI-MGRI-DCPGWTCINHWTEGR--N------A--LLQM--KYSI-Y--WAD---F--A--AGWS-----PNERWIEPGM-MSWPQIKDARAEVH-PRYF--T---ML--YRQV--VAYHMWTAKQIRNVKG-KRPD,-318
WIEFPQKDWWYEVQHRGNKKWMPKTMWNLMPFRKSQTHMACTPYLAEGPHECTMTPWPANLTDHQHNAWQRDMSPSHCHWHNHIDSQYRCAANRAPMCHDQWCTCTIEWGDISIQHRKYAWWFGNQAQDYARFQYGQNGITNMIKGCTGVLYIWTIRRNHPKQMRGHCNPHEQQMDVDIAERKIITTRSTWAYNWALQPWQMTQTVPPCKILAIHQIFVNAVRCSSAQNTSPHHVGERLWCNEWIWHNEVETEYLHVHHKEFHVLQQNMNGHADICPRILQRVPSSNAHSSTGTHENNQTYWCFEFHWGEPTTLCGQRHST,MLTEPFPDGDSSRVPHDSNGYESHPSQGYAQWHCTDARNFRFWKLMHIMNVDSQHINFRNEDGKHADPTMYFFSSLHNYNCSWFSWCNVMFDVWWIPWDTKHHARYWLSYAMIWQQQHHLSCYKVQFCGCKVTQRQGQSVFMDGEIPDWLPCGLIGVYAERYSIWCTAFIYYCMLCNWRFYTLNYEWVNCYTSPYIMLQVDSSIVHFLGQFWPSERNAYRSEFPY,WIEFPQKDWWYEVQHRGNKKWMPKTMWNLMPFRKSQTHMACTPYLAEGPHECTMTPWPANLTDHQHNAWQRDMSPSHCHWHNHIDSQYRCAANRAPMCHDQWCTCTIEWGDISIQHRKYAWWFGNQAQDYARFQYGQNGITNMIKGCTGVLYIWTIRRNHPKQMRGHCNPHEQQMDVDIAERKIITTRSTWAYNWALQPWQMTQTVPPCKILAIHQIFVNAVRCSSAQNTSPHHVGERLWCNEWIWHNEVETEYLHVHHKEFHVLQQNMNGHADICPRILQRVPSSNAHSSTGTHENNQTYWCFEFHWGEPTTLCGQRHST MLTEPFPD--------GDSSRVP-HDSN---GYES--H-PSQGY-A-QWH-C---------TD-ARN--FR--FWKLMHIMN-VDSQHINFRN-EDGKH---ADPT--MYFFSSLHNYNCSWF---SWCNVMF--DVWWIPWDTK--HHARY-W-LSYAMIWQ-QQH---HLSCYKVQFCGCK-VTQR-------QGQSVFM-DGEIP-DWLPCGLIGVYAER-YSIWCT-AFIYYCML-CN---W--RFYT--L---NYE-WV---NCYTSPYI---MLQ-VDSSIVH-FLG-----Q------F-WPSERNAYRSEFPY,-279
VTKGAREYDDFIHNHSTPQGWIMVSTGTVDHWRSMMFLNYSFVFKPKGYEKKARVFQPVTENVWSLYGLTVMRMGKTQDYYNFGNIPRGNWSHLQ,IRSALPMMYNHNEGLCFFWMHWDYRIWYKMCNMRVQWAFDMMTTCTQTAASKVVDSNANMLSQFYSFMGLNVSICASHRGYDSNDDHHELSNKYPWLSECATHHCHESIIRYQVRMENCAYERLTTHDFPFRVDTCTPIPICRGDIYRLNICHQALRIFTCSEEDAQRSYMCEYRIVYMWSWPNIWHMRDMTTVCVIATNS,------VTKGAREYDDFIHNHSTPQGW----IM-V---------STGT-----VD-------HWRSMMFLNYSFVFKPKGY-------E---KKARVFQPVT----E-----NV---WSLY-GL-T---VMR-MGKT------QD-Y-YN--------F-----------GNIPR--GNWS-----H------------LQ IRSALPMMYNHNEGLCFFWMHWDYRIWYKMCNMRVQWAFDMMTTCTQTAASKVVDSNANMLSQFYSFMGLNVSICASHRGYDSNDDHHELSNKYPWLSECATHHCHESIIRYQVRMENCAYERLTTHDFPFRVDTCTPIPICRGDIYRLNICHQALRIFTCSEEDAQRSYMCEYRIVYMWSWPNIWHMRDMTTVCVIATNS,-237
YWLMPEPEEEHWRVVVFGCDRPKPIIWEGHFSDEISQEEAGVMRYEAYLRKKPTLCANYCIGFNGSQLERPDFEPLEPFTNPGNIWVLETYPYH,WFHYSRNLAYHEPKWENYPHWTHMNSCYRCIFSVPSRTEDCLKFRARSAFSHCWCLKITFWEQDCFWKLAGPDEIDPVGYDRRQSGVETYRQCAWDFRHMILHKDISGFRFSPWPSQWHKKLAYTHHLKWCKWVMTMESRRQRVEYKIWSFCDIPHVTRIFRNIMMDLIPGYNMRTIANYWWLVWKVQGVEVFTLLSNVYEFPTPHGSWPQEMDNYQAPQIGSKMSEELVWIAKPTTNAYNSYGPQQP,---Y--WL-MPEP--E-EEHW-------R----V-------------VVF-GCDRPKPIIWE-GHF-----SDEI-----SQEEAGV--MRYEA------YL-------R---------KK--PT--L--C------------ANY-----C-I-----GF-N-GSQL-----ER--PDFEPL-------EPFT---N------P-G-------N-----I---------W--VLET-----Y-P-YH WFHYSRNLAYHEPKWENYPHWTHMNSCYRCIFSVPSRTEDCLKFRARSAFSHCWCLKITFWEQDCFWKLAGPDEIDPVGYDRRQSGVETYRQCAWDFRHMILHKDISGFRFSPWPSQWHKKLAYTHHLKWCKWVMTMESRRQRVEYKIWSFCDIPHVTRIFRNIMMDLIPGYNMRTIANYWWLVWKVQGVEVFTLLSNVYEFPTPHGSWPQEMDNYQAPQIGSKMSEELVWIAKPTTNAYNSYGPQQP,-304
TEGGYCGCTAERVVVWGLVFHAQNYLAMFDCEWKTAAVVQLHALGMPVWVDWVWTSTLTKVNELNRDVNCFNYEHPHVPFRLICPMTSHWPFGYFTSEVVGKHMIECANWKYVYCKHLDKDWDIFWPYVLINKELWICTQEGI,IQIEYNRCDKWPVQMCAARQVFQAGLTHLQPYCTQQYMVITASDWEGYTTIYSFRVKNCRVRKYCWSHLELELDNNIQTFV,TEGGYCGCTAERVVVWGLVFHAQNYLAMFDCEWKTAAVVQLHALGMPVWVDWVWTSTLTKVNELNRDVNCFNYEHPHVPFRLICPMTSHWPFGYFTSEVVGKHMIECANWKYVYCKHLDKDWDIFWPYVLINKELWICTQEGI IQIEY-----NRCDKW-PV---Q----M--C----AA-RQ------------VFQAGLT---HL--QPYC--TQQYMV----I--TASDW-EGY-T-------TIYSFRVK--NC-RVRK---YCW-SHL-ELELDNNIQTFV,-143
MFMMPTINHYITWCCYLDFVFTHCMHALKKWFSLPWIIIQWLAICFERNRYCLITKRIYANPDHEWLLFGDTTPGATVIHDRYTHKLILNMYSDTYKQRPMNNCHKSADIWWEQNKEKVMWGYGKHSA,VCWWSTAQECRQRLQNFDVVTGCIDTKVIEEMYENSPCPVQHTMPGKYWLLDYDANVRKRQLGAKRDGWQLRAVRWDHWGEGSYFVGSKMMGLQHEDCAGCVHHVWQICVPWINRQHMIKLKHELRRHPKQWTLKGRGMKHLCTNWENNFWTRKQVCDNVDHEKPGMGYDKMSWSSQNGRQMPRMDAAHLVRLIDDVQWDCVNKQEWYTVSCSDMLTTMKIAKYQDGLKQQCGIAGKYEDMVGRQAVHHEHNMFYTNSLFTYHAHLHDFCMETYCNHWNHHDVPQNFSWAFQMCIMW,---------------MF-----MMPT--I-----N------H---YITW-CCY-----------------L-----D-------FVFTHCM---H---A---LKKW-FSLPWI-----I----------IQW-L------AIC--FERN---R--YC---LITK--RIY-------AN----P--D--H-EWL---LFGD---TTPGATV-IHD-RYT---HK----L-----ILNMYSD-TYKQ-----RPM---N---NCH-KSADIWWE-----QNKEKV----MW-GYGKHSA VCWWSTAQECRQRLQNFDVVTGCIDTKVIEEMYENSPCPVQHTMPGKYWLLDYDANVRKRQLGAKRDGWQLRAVRWDHWGEGSYFVGSKMMGLQHEDCAGCVHHVWQICVPWINRQHMIKLKHELRRHPKQWTLKGRGMKHLCTNWENNFWTRKQVCDNVDHEKPGMGYDKMSWSSQNGRQMPRMDAAHLVRLIDDVQWDCVNKQEWYTVSCSDMLTTMKIAKYQDGLKQQCGIAGKYEDMVGRQAVHHEHNMFYTNSLFTYHAHLHDFCMETYCNHWNHHDVPQNFSWAFQMCIMW,-360
PGMFFKGCQEEYKGMAGREVDRREDKIKAPFLWHWQPYNSPAEGHARFDGIGNRPFQLQYT,KQKMVKYPFRVFWWMTYKKSGEEHAMCYRNKAGYMEHQGGAEMECEISMNVGTGRWIWVIVSCYRDNLMEYRMFVVWMKKVYKRDHNRDSFGLFIWHKIVSKDVLYFFTNCVVPNAETQMEHYAPIVYVRRGGERTGGTNVRTMGRTMGAGLKEMIFECITWPISMKV,-PGM----F--F-----KGCQEE----Y--K-G-M-----A------------GR----EV----D-----R----REDK-IK-----APF-L--WH-----WQPY---N--SP-AE---GH-A-----RFDG---IG-N-----R--PFQL------QYT------- KQKMVKYPFRVFWWMTYKKSGEEHAMCYRNKAGYMEHQGGAEMECEISMNVGTGRWIWVIVSCYRDNLMEYRMFVVWMKKVYKRDHNRDSFGLFIWHKIVSKDVLYFFTNCVVPNAETQMEHYAPIVYVRRGGERTGGTNVRTMGRTMGAGLKEMIFECITWPISMKV,-203
TINNGYDGVTHENGDCHESGSCTNGHCEGICWGQCPLCQWKQCGISGLLHRMHERMEREWGHIYWRYPIVRLKNGWTDNIYYSTCLDMLKETSARMVIPWCQACCIE,RCWYVNLWWNQCCAKLRLYRTAMMSGLMFKQVLCDDLFSCTFNQWLVDWFKEFKDTGNGGIESLMPHHYTIMSEDVCNKDILAIKEHMQCCYPGDKHQYHEPHIGHCRYIPDYCSMHPMWEWPNDRKTTALDTYASTDDSCHPIMLDFNWFGFCINEGCPHIIVWFFAFSMPRGMTVQLSVFHVLQRNCYVMTEQYREDVGRLPKTLYPMRNQTHKDRNKPDEPRLFNHDDWEGVIAKHCVMKKNTSFTTIRYICMPRITWQRISHRACRGCCTPRECFTVTQHGKEQFMIVVMRPIGWGNEKEIRYAGHQNFL,---TIN---N-------GY-----DG-----V--------T---------HE-----N-G--------------D-C-------HE-SGSCTNG--H--CE---G----I---C-------W----------------GQC-P--L-CQW-KQC---G----I------S---G----L-----LHRMHERM-E--RE-WG----HIY--------WR-YP-IVRLKN--GWTDNI--------YYS--T--CLDMLKET----S--A-------R-------------M--V---IPW------CQA--CCIE RCWYVNLWWNQCCAKLRLYRTAMMSGLMFKQVLCDDLFSCTFNQWLVDWFKEFKDTGNGGIESLMPHHYTIMSEDVCNKDILAIKEHMQCCYPGDKHQYHEPHIGHCRYIPDYCSMHPMWEWPNDRKTTALDTYASTDDSCHPIMLDFNWFGFCINEGCPHIIVWFFAFSMPRGMTVQLSVFHVLQRNCYVMTEQYREDVGRLPKTLYPMRNQTHKDRNKPDEPRLFNHDDWEGVIAKHCVMKKNTSFTTIRYICMPRITWQRISHRACRGCCTPRECFTVTQHGKEQFMIVVMRPIGWGNEKEIRYAGHQNFL,-407
HDNHTFFIKTSFPKCGKMECDPLAWAIVAKSHQIAWDWVDYQLITGHCLQIG,MGESNTKWMYKMNVVMMQQKTWIIGAMYLWFNMWCELIMPNEEFSYRAMCHVVKINKAVCQRQQHTPSWPMSCNLQDSGLEFRCRYDWAGTMFDYPQVMYSIKPLSLNHNYDPIMQFQYLLRKGCSSIYREQD,----------HDN------HT---------F------------F----------I-K--------T-SFP-KC-----G-KMEC---------D-P-LAWAIVAKSHQIAWD-WVDYQ-LITGHCLQI----G MGESNTKWMYKMNVVMMQQKTWIIGAMYLWFNMWCELIMPNEEFSYRAMCHVVKINKAVCQRQQHTPSWPMSCNLQDSGLEFRCRYDWAGTMFDYPQVMYSIKPLSLNHNYDPIMQFQYLLRKGCSSIYREQD,-172
GMFGIWFIILSPQRDEEYGVLIEWYSPYGAARPGGSLRNREYQCGQYLMGPEALPHKQDWSNWILYNPWRASINRFWDILMYFIFTTEGCAINGMEHQMMCPETNMVPKNFWYNNESEACRANAGDARQFKRDQVDERYVLHMYHYNWQEATFTPKNDKMFKYYSKQIRMNDDSDTELHGEFRKDDEQIMNNQFHFMMCHAGQRARFWLTWMVPMAGYVPYMKDDVEFRETVWTPDLDGPFIKNMVACVRKLWCPICHEEMTDERCFYEDHIACQPARKPVMFGRNSTVYCQWDHNTRPLPVILSAYTHMRHRCRLRMFKVV,PFHLETGNKDGRNTGEFAGEWAQHAFARADDRKYPDQCKKNRHEASNQGHNKEWQVAANHVMLIDLQKCCDADTFQVLHLWSNDTTLSEARHQTFFYPVYSHYINLAMDKFPYRPKECVCTPLMVEAESIHKGQNHLGTFRRCYSDDCFYVMQKKWKIFQQLQGYEIVNETESK,GMFGIWFIILSPQRDEEYGVLIEWYSPYGAARPGGSLRNREYQCGQYLMGPEALPHKQDWSNWILYNPWRASINRFWDILMYFIFTTEGCAINGMEHQMMCPETNMVPKNFWYNNESEACRANAGDARQFKRDQVDERYVLHMYHYNWQEATFTPKNDKMFKYYSKQIRMNDDSDTELHGEFRKDDEQIMNNQFHFMMCHAGQRARFWLTWMVPMAGYVPYMKDDVEFRETVWTPDLDGPFIKNMVACVRKLWCPICHEEMTDERCFYEDHIACQPARKPVMFGRNSTVYCQWDHNTRPLPVILSAYTHMRHRCRLRMFKVV -----------P------FHL-E----TG--NKDG--RN----TG-EFAG-EWAQHAFARADDRKY-PDQCKKNR-----------HE--ASN----Q----GHN---K-EW---QVAANHVMLID-LQ-KCCDADTFQVL---H-LW----------------S-----N---DTTL-SEAR---HQ----TF-F---YPVYSHYINL-AM-DKFPYRP--K------ECVCTP-L-------MV-EAESIHKGQNH-LGTFRRC-YSD--DC--------F----YV-MQ---KKWKIFQQLQGY----EIVNETESK--,-338
CQHECWSHEYKLETVHNAYCDSQMEYEHFLWISVAFWWMDMQTAPRGVQPYIYVNDYAAHNSWVSRGMHQLCCLIHCIIKRQYWDTHAGEEWAAFEADVRLMVMDACHKSLKTYRRIYHECHFWWIVWKFVPCWHSCARDTAYCVIYWEFGNFASKAVDKRHMLAIGGTVHYHTSMHYCPYAFIHDPPKDSELQRMWRVNENCPSVFAFASASESWVYPVLMNTEDKIWHHN,NLLSAVTVLPASDEIWAWTLCEIPQQKRHHNRQRTKACACIVHIVGIPWCRVGWANKNWMQQCVLFDRKIDPEVMYVEETCCYQEYKSKREYTIVMYYWDKFADSFCVGYVCIPTRQFGFQIKWHSLMVTWQEVRFAQQNLFIPLMWIQPSWTNYCKYNQPSHMGQNSLHCDTEYEQMKCQFNYIIYCVCPCINAYWMTRKLICHRLARTDR,CQHECWSHEYKLETVHNAYCDSQMEYEHFLWISVAFWWMDMQ-TAPRGVQPYIYVNDYAAHNSWVSRGMHQLCCL-IHCIIKRQYWDTHAGEEWAAFEADVRLMVMDACHKSLKTYRRIYHECHFWWIVWKFVPCWHSCARDTAYCVIYWEFGNFASKAVDKRHMLAIGGTVHYHTSMHYCPYAFIHDPPKDSELQRMWRVNENCPSVFAFASASESWVYPVLMNTEDKIWHHN ---NLLS----AVTVLPA-SD-EIWAWTLCEIPQQKRHHNRQRTKACACIVHI-VGIPWCRVGWANKNWMQQCVLFDRKIDPEVMYVEETCCYQEYKSKREYTIVMYYWDKFADSFCVGY-VC-IPTRQFGFQIKWHS-LMVTWQEV---RFAQQNLFIPLMWIQPSWTNYCKYNQPSH-MGQNSLH-CDTEYE-QMKCQFNYIIYCVCPCINA--YWMTRKL-ICHRLARTDR,-184
YFSGRFIDILVFCQDLQTDEGHASMTGNQTMTHGILNTADYIRNIRPHANRAQTAEFCIKDPLRRLEYDNGTIKSSMCPMLMNESKHYWSIATVSGLGLETAASLYPCVFENNIVFMSFKTYQMTDNEWYYPMGSHFAPILVGFDDYEADDVLLHHQPIRRYDYIDAYCLHEWCNCWFQRFQRIMIWIAVTYRCDEGGCRFMAAIHTCDHHEAAHMVMPSHQSFVRCRDKMAW,TYCMKFFGQFGWPNSFRDKKEDGITYCVITYQPRFQAPMGFVDYEIDGGTIFDFYIDVWGDKHWTCYESFHMIEVFPWAQDGMECVCPKHMGHFMMREDPRWNMIQPWEPLSGASTTNSQRWWSYSLDGCAAPWANLYCAGSAM,YFSGRFIDILVFCQDLQTDEGHASMTGNQTMTHGILNTADYIRNIRPHANRAQTAEFCIKDPLRRLEYDNGTIKSSMCPMLMNESKHYWSIATVSGLGLETAASLYPCVFENNIVFMSFKTYQMTDNEWYYPMGSHFAPILVGFDDYEADDVLLHHQPIRRYDYIDAYCLHEWCNCWFQRFQRIMIWIAVTYRCDEGGCRFMAAIHTCDHHEAAHMVMPSHQSFVRCRDKMAW TYCMKF-----F---GQ--FG-WPNSFRDKKEDGI--T--Y-CVI-TYQPRFQ-APMGFVD----YEIDGGTI-----------FDFY--I-DVWGDKHWT---CY-ESF-HMI--EVFPWAQ-DGMECVCP--KH----MGHFMMRE-DPRWNMIQP--WEPLSGA----STTN-----SQR---W--WSYSLD--G---------C----AA----P--WANLYC-AGSAM,-222
MHWYPECFFKEYREDNHYEHSEKNFIKAQQKIVLIFHFNEEVMADHTWYNGCPSIETDTPPIYQYILVFIQSTGQVLPTSIQLPDRLFSMWTWARCLMGTTHMAGCKELCEDYKPNQSEYLDSKIIKGYVPNPLHPAMRNEAPGDLVNKNWYTSSQGWRTKEFDFYMWVFCRQRSSNHQIELQQGETKWCEQGACHVNHVHQIIMCHVIDQTEQHCMRKPALYNSYNMGRELVGIGRNIQVWNKFYAR,YYWKWHYTDFEYKCLVGGDWHIYACDREAQEEAQTRIGLEGRCICIWDRWVEVWNMHTVLINHFHAPKKVVAPRIVIMVYNMHKFQNAWYWVVETQQDANSPDNWIFLYD,MHWYPECFFKEYREDNHYEHSEKNFIKAQQKIVLIFHFNEEVMADHTWYNGCPSIETDTPPIYQYILVFIQSTGQVLPTSIQLPDRLFSMWTWARCLMGTTHMAGCKELCEDYKPNQSEYLDSKIIKGYVPNPLHPAMRNEAPGDLVNKNWYTSSQGWRTKEFDFYMWVFCRQRSSNHQIELQQGETKWCEQGACHVNHVHQIIMCHVIDQTEQHCMRKPALYNSYNMGRELVGIGRNIQVWNKFYAR ---Y-------Y-WKWHY----TDF---EYK-CL-------V--------G-----GD-WHIY-ACDREAQEEAQ---TRIGLEGR--CICIWDR-------------WVE--VWNMHTVL----I-----N--H----FHAP-----K-----------K-------V-VAPR---IVI-MVYNMHK--FQNA--WYWV-------V--ET-Q----QDA--NS----------PDN---W-IFLYD,-294
ETKIVHHVNKTFGTHAQEGYESLQGCGATRGCVQLSIDVRVPMHNPAIKKIWAETVPIANVDEWSKDCSPFGASFTQWERMWMATGNYRYGMKKWLKVEMDWEPCIVNSMVLTLMCSHQEQDLIPIRPFWWFSPQEKRNLVFMFHREMGCNHYGDYPECVNTIKCCAIEVMEAWRFAAIAKDERQCDGHDAMGGIAPWEVAWEETHSYFSMVDLSAGRWGSVPDGETSNCLRYHTYNLIEQKIEQEMILTDGIATSPLRNALTTQDIAEPEN,RLQQAYSYCFLTVRGHREAYFSNCLRYFHHCADQSGLKLTAEWPDTPRLKIIKKKYADYPTYMNVESWQEHYFYRRIYTVADLMYKIKTLYRYVQYWTTPLPPRNVEYLKTEFDNVEYPEKCPIMIHRRCCVDQAWGYMFMVDPDWNQGMEVVMHNLRPPEGPWERHIHRC,ETKIVHHVNKTFGTHAQEGYESLQGCGATRGCVQLSIDVRVPMHNPAIKKIWAETVPIANVDEWSKDCSPFGASFTQWERMWMATGNYRYGMKKWLKVEMDWEPCIVNSMVLTLMCSHQEQDLIPIRPFWWFSPQEKRNLVFMFHREMGCNHYGDYPECVNTIKCCAIEVMEAWRFAAIAKDERQCDGHDAMGGIAPWEVAWEETHSYFSMVDLSAGRWGSVPDGETSNCLRYHTYNLIEQKIEQEMILTDGIATSPLRNALTTQDIAEPEN -----------RLQQA-YSYCFLTVRG-HR-EAYFSNCLR-YFHHCADQSGLKLT---A---EW-PD-TP----RLKIIKKKYA--DYPTYMNVESWQEHYFYRRI--YTVADLM--YKIKTL-YRYVQYWTTPLPPRN-VEYLKTE-FDN--VEYPE-----K-CPI--M-------I---HRRC-CVD---------QAW----GYMFMVD---------PDWNQGMEVVMH--NL----RPPE-----G----P-----WERHI--HRC,-259
VRGKETSALNGNRSELGTMQNQYCFDMMKVLHPWILLHKLRNVCWYFLYKSADPNGRNFGWALT,HWANSMLHEGEQFMNYSQAPQMCVHYNQYLHQGHSNNNSRQKVCQWEKWSWWVDHYKYVSNHMYCMAYDNVMKLSWIPSFMDMQKMETCHYTVHKVNKIPWHLYCYEEHRRHKTHEIVAILQAKEYCPPPIMYAKWFMELCTCFQNLMFCTIQISIWAQKTYAENAFSDWYPWKKVHEH,-------VRG---KETS-A----------L-----NGN-R---------S----ELGTMQN-QYC--------------F-DM--M--------KV-LHPWIL-------LHK-------L--RNVC--------W------YF--L-----YKS--A-DPNGRN-F----GW---ALT HWANSMLHEGEQFMNYSQAPQMCVHYNQYLHQGHSNNNSRQKVCQWEKWSWWVDHYKYVSNHMYCMAYDNVMKLSWIPSFMDMQKMETCHYTVHKVNKIPWHLYCYEEHRRHKTHEIVAILQAKEYCPPPIMYAKWFMELCTCFQNLMFCTIQISIWAQKTYAENAFSDWYPWKKVHEH,-230
GSLEEMSHDHFQKHCHMYCSWFMYCRYQNHETADLFVGDFSGQDRCDPNSRGAYEYHFLSVDFNLRFLILFSKTTDWWFMVY,TAQINAEEKYIDIGRKKVTDDKAGGVNKDEPQMLGVTGAMKNCEQWCVFAKDMHEMNVNMKKTGSLFLPQHANLNEVEACMGEAYQINTIHMDWAFVYQECNAEESHDGSCLLAWFPPAHAVHIEFMCHLIVMSMCPFPMAHSIVITGGFECEDPEFQVMRAPFKFGQDGVIYMHFNHVFVPTRAPSYPHIQCAKPPKRVGMPCDMIVTPRRTTATAYHNRAKQKMKRYAVNYPSWDEQKTIENSEGMVGNCQAGFDRKDNNITSQNVQKDQLFPSEFDCETYTMMALCSAKC,------------------------G-------SL---------E----------E----M----S-----H-----------DHFQ-KHCHM-----Y--C--------S----W----------F------M-YC-RYQNH--------ETAD-LF-V-------G-D----------F------S---GQ-----DR----CD----P---------N------SRGA--Y----E--YHFLS---V----------D-----FNLRFLILF-S----KT-T--DWWFMVY TAQINAEEKYIDIGRKKVTDDKAGGVNKDEPQMLGVTGAMKNCEQWCVFAKDMHEMNVNMKKTGSLFLPQHANLNEVEACMGEAYQINTIHMDWAFVYQECNAEESHDGSCLLAWFPPAHAVHIEFMCHLIVMSMCPFPMAHSIVITGGFECEDPEFQVMRAPFKFGQDGVIYMHFNHVFVPTRAPSYPHIQCAKPPKRVGMPCDMIVTPRRTTATAYHNRAKQKMKRYAVNYPSWDEQKTIENSEGMVGNCQAGFDRKDNNITSQNVQKDQLFPSEFDCETYTMMALCSAKC,-414
LMPVFEDHTEAQTWCEGEYHGGCFFQTHDINAVPVIDCKADFVHPDVACPQYPMNYGTHQNIQMGCHCIHDHWDCTWMWWEQVVSELCICWTLNLSYIVLCPFHFFGRLDPNCMISDMIDFSKYMDRPGAFTNAGHWDHPKQMDEENGSPAYWDEDTVFMWAEIKEETCAVEPNKLSAEAIMMHSQHITKQLMLSICFYDCLDGQPLVMFHTHCIERLNMTTQVSVQWTLNDTCDEAGNHIDGDAWCTMIQC,TRGINRLHKMSYKTPKTTPPVDYCFKYYKRAMLLWNKNMSWDHLIEIGACWYPWYPH,LMPVFEDHTEAQTWCEGEYHGGCFFQTHDINAVPVIDCKADFVHPDVACPQYPMNYGTHQNIQMGCHCIHDHWDCTWMWWEQVVSELCICWTLNLSYIVLCPFHFFGRLDPNCMISDMIDFSKYMDRPGAFTNAGHWDHPKQMDEENGSPAYWDEDTVFMWAEIKEETCAVEPNKLSAEAIMMHSQHITKQLMLSICFYDCLDGQPLVMFHTHCIERLNMTTQVSVQWTLNDTCDEAGNHIDGDAWCTMIQC ------------T-------RG-------IN----------RLH--------KMSYKT---------------PKT---------------T---------P--------P----VD-YCF-KYYKR--A---MLLW--NK-----NMS---W--D------------------HL----I-----EI------GACWY------P---------------------W---------YPH------------,-383
VCDEYFNHWTKTGYVSVISAALVLTAAQMMGIMVAGTINMVGVWAMYRVECSRHPALLEPECMTFINLHDHCARLCQGRLYTYETNYRMCDICYRWYNFWWVVVQSPEMFFVDMMGRFFGTFKDHKINAGRFLGNDEMTYEKDIMWKPHFMKCVGQIPDGPDLPEIAEECEEFSWFRIHKCWYVSRSGKWRKMTPWSCHSEDQFMGHGMVPLERSC,ITDYKQMFGKGMMYCRQESTTESPEFGWCTGAKRQRYRHTSFQKFNSMHCCLKLHSPKFAKDLYVVVNDYTYIICTLSSEFTVLIQPRHPKCEGFMHKEPLWKFSEFIKHHQHFVKTIFLEDKQRNASEMDQPGHEKQHCHALTMSNVKPMHGTFDAWACSFYTIYQEYSVLFDNAFGCERHRTPPTPIEPQRDSLRKHDYQYKIRKELQHKLRWKALLQYEPHTQEAWKEPLKSEIQAGVSNSPSNTRHRCYNYSTGQQVMFMFAEVWVLNKRMHLSDQVNVIY,VCDEYFNHWTK-TGY---VS-VIS-AALVLT-A-AQMMGIMVAGTIN-M-------VGVWA--MY-RV------EC---SRHPAL---LEP--E-CMTFINL--HDHCARLCQGRLYT--YE---TNYRMCDICYRWYNFWWVVVQS---PEMFFVDMMGRFFGT----FKDHKINA-GRFLGNDEMT-YE--KDIMWK-PHFMK--CVGQ--IPDGPDL---PEIAEECEEFSWFRIHKCWYVSRSGKWRKMTPWSCHSEDQFM-GHGMVPLER---S------C ITD-YKQMFGKGMMYCRQESTTESPEFGWCTGAKRQRYRHTSFQKFNSMHCCLKLHSPKFAKDLYVVVNDYTYIICTLSSEFTVLIQPRHPKCEGFMHKEPLWKFSEFIKHHQHFVKTIFLEDKQRNASEMDQPGHEKQHCHALTMSNVKPMHGTFDAWACSFYTIYQEYSVLFDNAFGCERHRTPPTPIEPQRDSLRKHDYQYKIRKELQHKLRWKALLQYEPHTQEAWKEPLKSEIQAGVSNSPSNTRHRCYNYSTGQQVMFMFAEVWVLNKRMHLSDQVNVIY,-251
PAIQTQGYVVRWKKVCSVMHPIRVTWKIGPVMWWWEEEQNPMSFDDLCLVAELNGKNDREHFFCWVLNMTCDPMSWNMVVGWHLEAAFSPKPADRCRFACDRINWRLTPGGNKYICAREWKLITHQYGMLTHYGLAMEHTGHQIPMNCPIQYTPNLVTRQVAEKQAASVMHVKYRNTEEGIATVPNGVFRLWKVAVLNWFDSCVLAGSVAHSQDWKRAEECMYEWGMPFQEWVNCHCGNVAEMEYNWRFAKVVIVTVIDYMIRCQCYGTPGGNFEWDEEITCW,KFSLNKTGKTFTTRRMNNRILSNCPKAMRRHDCVAIFCFLYFATQMSCMYGPWMKITDIYVSQCQLKVILVPDCAINVYEINVYIMRCWTFLEISQQKLFMDLRSG,PAIQTQGYVVRWKKVCSVMHPIRVTWKIGPVMWWWEEEQNPMSFDDLCLVAELNGKNDREHFFCWVLNMTCDPMSWNMVVGWHLEAAFSPKPADRCRFACDRINWRLTPGGNKYICAREWKLITHQYGMLTHYGLAMEHTGHQIPMNCPIQYTPNLVTRQVAEKQAASVMHVKYRNTEEGIATVPNGVFRLWKVAVLNWFDSCVLAGSVAHSQDWKRAEECMYEWGMPFQEWVNCHCGNVAEMEYNWRFAKVVIVTVIDYMIRCQCYGTPGGNFEWDEEITCW -------------K-FS-------LNKTG------------KTF----TTRRMN--N-R------IL-------S-N-----------CPK-AMR-R--HD--------------C----VAI---FCFL--Y-FA---T--Q--MSC--MYGP--------------WM--K--IT--DI-YV--SQCQL-KV-IL-VPD-C--AINV-------------Y-------E------INV----YIMR-----CWT--FLEI-SQ-----QKLF-MD--LRSG,-356
DYIGTVLRNQGADLHDKKWQYCPYQTQSLMVEFPYWWAWKCARVQDWNIKCAWVGWMPKCATHKCRQTHMWQNSDMITIDEQIIIMVKSLNCWYNRHAHNCEIQVHALEYMYCPKHRAEPHYTSFRERKYRPKFTENLEAFHCELTNWHKVESLRISGYESFLHRCFPRTFWQVKLRHQMQVFTAASKQFMGNDCRCMWTVQPLR,AIPQNDVDGDHPNYVRWHYKVANHHHDEIRSFLVIFNHHKCTWSPPCYPSPMQVTFATQYISRIEIMPADDYWRVST,DYIGTVLRNQGADLHDKKWQYCPYQTQSLMVEFPYWWAWKCARVQDWNIKCAWVGWMPKCATHKCRQTHMWQNSDMITIDEQIIIMVKSLNCWYNRHAHNCEIQVHALEYMYCPKHRAEPHYTSFRERKYRPKFTENLEAFHCELTNWHKVESLRISGYESFLHRCFPRTFWQVKLRHQMQVFTAASKQFMGNDCRCMWTVQPLR -AI-----PQ-ND-VD---GDHP----------NY--------V-RWHYK---V------ANH-----H---------HDE---I--RSFLVIFN-H-HKC---------TWSP-----PCYPS-------P----MQVTF---AT---QYIS-RI---E------------------IM----PA-------D--DYWRV--ST,-259
SESAEISWNLPGLAKLGQIVTYTEMEQGCAWHVINHSRETQQCDDITNRAFMFCKRNNSSRPVFDHYVDSGCIWRTKMHMMQETNPRWYTKIRKRPMKIECMRNRMQIYKTPMVYQQHKVWGS,GWQCIYEYSKAQELEGHDQHGAVHWMWCDMQMFTHDDPVNCDFD,SESAEISWNLPGLAKLGQIVTYTEMEQGCAWHVINHSRETQQCDDITNRAFMFCKRNNSSRPVFDHYVDSGCIWRTKMHMMQETNPRWYTKIRKRPMKIECMRNRMQIYKTPMVYQQHKVWGS -GWQCI----YEYSK-AQ-----ELE-G-------H--------D-QHGA------------V--H-------W------M------W------------C---DMQ-MFT--HDDPVNCDFD,-166
ADAHWQYIDTKLKCNPIRFQAPPDRSALRERYLCYYGNLRNKNNPRDHQECSMMQTWCRQWVTEYTNPQKWTLRMCMKNTYQRMYDWIIHRKVEHAVLVNAMWLTKRCTLQNTAHQHKQSRMIMMPNGPKNGDCWAISYDPKIRADPWELHNLQCHNVWPCTKWVGISFVCAYNYFVLLIMDNTCKHAHMKKQHKWWYPLHCKRCWKIIEHYIELDQYDYIIHHYFWPQDYSTRHWNRQTYMRDATTADFGMMIYQCKSSITTWFTWSPMHPCWHAPMLFCWCDGKLFYCADPMSQACVEGRTVDFPDSLDTWAVYIIISRCWCRTPGKVALKVQTKYQ,TIACHSTPLWDGWWHITCAHVRTIMWGDRNCVKISCEIPYQWCYSYDHPQHMAPFTTFSKEVPCMLFHYAWERKNEVKMEVRDDGTYNSFGVYRFERGAHDQFFFQGPSLANEKVIYSAMEG,ADAHWQYIDTKLKCNPIRFQAPPDRSALRERYLCYYGNLRNKNNPRDHQECSMMQTWCRQWVTEYTNPQKWTLRMCMKNTYQRMYDWIIHRKVEHAVLVNAMWLTKRCTLQNTAHQHKQSRMIMMPNGPKNGDCWAISYDPKIRADPWELHNLQCHNVWPCTKWVGISFVCAYNYFVLLIMDNTCKHAHMKKQHKWWYPLHCKRCWKIIEHYIELDQYDYIIHHYFWPQDYSTRHWNRQTYMRDATTADFGMMIYQCKSSITTWFTWSPMHPCWHAPMLFCWCDGKLFYCADPMSQACVEGRTVDFPDSLDTWAVYIIISRCWCRTPGKVALKVQTKYQ ---------T------I---------A------C-------------H---S-------------T-P----L-------------W---DGWWH--------IT--C-----A--H--VRTI-M-WGDRN--CVKIS--CEI---P-----YQ---------W------C-YSY------D------H--PQH--MAP--FTTFSK--EVPCML-------FHYAW-----ER-KN-EVKM---EVRDDG--TY---NS----F----------GVYRF--ERG-----A--HDQFFFQG-----P-SLANEKV--IYS----------A-----MEG,-434
NQDSPWQEKEEGKVPVEHANDLHKHDSFYDMNSRDSFCESEYYWYQFAGATPNKSVHMYCKNEVHVQGGKWQHIWYLSMQEIMYVISYSRKDFYWEARYLNVFVCGKYWCFNMTRVFCHYRHGAEHDCVTQFYIPYESCECHCKTHQKWPADRHEVYQFHRQGLRPYLVDKKKQKVNLHLMRWRHIMIGKLCWDGFICRGNIQKQVGRMGFRGTHCDVHPEMFVVMDLMKYTKPYSAHCFQNYGFSRIDYGIATHFWIHNYMNWTACQWGIWQKVATQFECHGDK,SPEMMKEATDWQFFIKKNNHNGEAQTGYMQMCLHMMYWAEWVQVESPWQERAMHKLTGGYRSCCQCNMKGLIDWQVGHFCFWWFKQNNQIEFGIHSACVSLRWYGYNKCLQNDHNPVRCHVIVLRTAQGHHANAQIWRWPSQSWNRAYYAVVILQNESAPTQSGPEMKSSPYPMNPVFFFMYQSLGRYISNLHQQHMTEAFL,NQDSPWQEKEEGKVPVEHANDLHKHDSFYDMNSRDSFCESEYYWYQFAGATPNKSVHMYCKNEVHVQGGKWQHIWYLSMQEIMYVISYSRKDFYWEARYLNVFVCGKYWCFNMTRVFCHYRHGAEHDCVTQFYIPYESCECHCKTHQKWPADRHEVYQFHRQGLRPYLVDKKKQKVNLHLMRWRHIMIGKLCWDGFICRGNIQKQVGRMGFRGTHCDVHPEMFVVMDLMKYTKPYSAHCFQNYGFSRIDYGIATHFWIHNYMNWTACQWGIWQKVATQFECHGDK ---SP----EMMK---E-ATD---WQFFIKKN----NHNGE---AQ-TG-YMQMCLHMMYWAE-WVQ---VESPW----QE--------RAMHKLTGGY---RSC--CQC-NM-KGLIDWQVG--HFCFWWF-KQNNQIE--FGIH---SA---CV------SLRWYGYNKCLQ--NDH-NPVRCHVI-VL-RTAQGHHAN--AQIWR---WPSQSWNRAYYAVV-IL----QNESAPTQSGPEMKSSPYPMNPVF-FFMYQSLGRYISNLHQQHMT--E--AFL,-252
NPMHKPMQDVYCLLACMNWTYPWHFGASEEYCPSKAKVSK,HRQEHVHSRPSQGTKSCPPAVFSDDNEDETKDGPFRWGHFNFQSVWMVLGDRSWGWHLWQKWFLDLYTDMTFTSCKCMPYPRVFSELEPHESQPRRIVWPLFWCCRRHKCDQITGDNVDKTKKQHEHLRAKTFPGCHNAPTSANCWHPTIDKEQAFMAETSVVWQPELCKSVNEQAVVRFWPHSTISTPRADECTHGPPGKYWPNIEKRFNPRAQKFDMELARKGGMDCRLFDIMTDPMINMIKHMRTWYCSQYTYETNPWNNWKSIMSERLFFCVLDGFRHNAANGQQVKYMFCATTMWAETLRPPHCDVVSIIVFKKNVLCDIMFDNATA,-------------------------N-------P------------M---------H------------------K-----------------------P----------MQ---D-V-------YCLLA-----CMN-WT--YPWH--------FGA------------S--E------------------E--------Y--------------------------C--------P-------------S------------K-------------------A-----K--------------------VS-----K------------- HRQEHVHSRPSQGTKSCPPAVFSDDNEDETKDGPFRWGHFNFQSVWMVLGDRSWGWHLWQKWFLDLYTDMTFTSCKCMPYPRVFSELEPHESQPRRIVWPLFWCCRRHKCDQITGDNVDKTKKQHEHLRAKTFPGCHNAPTSANCWHPTIDKEQAFMAETSVVWQPELCKSVNEQAVVRFWPHSTISTPRADECTHGPPGKYWPNIEKRFNPRAQKFDMELARKGGMDCRLFDIMTDPMINMIKHMRTWYCSQYTYETNPWNNWKSIMSERLFFCVLDGFRHNAANGQQVKYMFCATTMWAETLRPPHCDVVSIIVFKKNVLCDIMFDNATA,-562
CRWDMLSIVVTLARFMPKWMYLYTMGAFCYVYGMEMDNNAYPHHHSKYNQFHNKGESFHFPKMGVDACEQWTRHKTVTNFDMVSPTPAYAFAKVNVCINDFYTCLPMSGRHMSEHDCNMGCNGGHTNWCHMDHFKYGCDGKVMTNNFCSEWWYASVHPLGPHTVTNMYIFRTKWGFWIPQVHWLFTGMSGMKNGVNFSNDLTKFCVFGGWYSQYWNVKSWGKWIYIPTQNTWGSIRRPCAMQWASRPNPCYKRNKGVQVW,FVYAEMEEIAVISNFDLNAGIHFEKCHWTQPMRQEFVTGPTTGVQAGQMISDCLFEKHQTLIPCTWLMVSSDHCKHSLVSYHLSHIDNKTQIWSGHGCNWDWHQLMTIAFPRAHWVYWDISIRIPMPSNICVTRPKPLNYITVQTIWQPPAHWIEVDDQNVQWMH,CRWDMLSIVVTLARFMPKWMYLYTMGAFCYVYGMEMDNNAYPHHHSKYNQFHNKGESFHFPKMGVDACEQWTRHKT-VTNFDMVSPTPAYAFAKVNVCINDFYTCLPMSGRHMSEHDCNMGCNGGHTNWCHMDHFKYGCDGKVMTNNFCSEWWYASVHPLGPHTVTNMYIFRTKWGFWIPQVHWLFTGMSGMKNGVNFSNDLTKFCVFGGWYSQYWNVKSWGKWIYIPTQNTWGSIRRPCAMQWASRPNPCYKRNKGVQ-VW --------FV-YA-----EM---EEIA---V-ISNFDLNA--GIH-----F-EK-CHWTQP-M---RQEFVTGPTTGVQAGQMIS---DCLFEKHQTLI--PCTWL-M----VS-SD---HC--KH--SLVSYH-LSHIDNK--T-----QIW--SGH--G--CNWDWHQLMT-IAF--PRAHWVYWDIS--IRIPMPSN----ICV--------TRPK---PLNYI-TVQT---IWQPPA-HW----IEVDDQN--VQWMH,-243
INPMREDHCMWNWGQNTWHGAAFRSIWIWQWDWGHGAHYFQTRATSLHIEFDRHSCPVAAASKLNPDIIYHICEDKWFAVRKCGYCYGTDIQVYPIKLNANWGVRYTHASEEHTRLIHYHWCGCFTDDWMGMNYGKDSWYTDFNNQVMDCMPMFFIITQCSVQNYPNYCWGADQCYHYLFDDHYSWATLCWHHVPTSYALYD,KHYGLCYEQEMRDSGTTCRIFFFFFRGAGTPAGYWDGCFVCNSGVTKYEEDTHRNKSYWHGLWWNVEEKNIMIEDETHSIKNNRTLRVVCVWCRQCLIEGEHCPVCKFVYDNERNFYGCFLPWLHECNKCHIFDFWLNEKNEWWSLGHTRRGGGAKYQAGEGRYDKGTCFCKSMFKIPGNPISGTFQHISDVHSAYDHPSQKANSHMPADYVGWCYMDMATPQGQSHFHIKHCRGGWMPYIAVQNEPHGTSNREFSYVMCPPKESSVPNGVSTISLSTPIVAPPKKHVTQVNSCAFFNIVKGPTDNDWQWFAKSSDWY,-INPMREDHCMWNWG-QNTWHGAAFR--SIWIWQWD----WGHG-AHY-FQT-RATS----L--HIEFDRHSCPVAAAS-K----L-NPDIIYHIC--EDKWFAVRKCGY-----CYG------TDIQVYPI---KLN-AN--W--G--VRYTHA---SEEHTRLIHYHWC-GCF---TDDWMG-MNYGKD--SWY---TDFNNQVM--D----C---M--P---MFFIITQC--------SVQNYP----N----Y--C-WGADQCYHYLFDDHYS---WA------T---LC--WHHV--PT-----SYA-LYD-- KHYGLCYEQEMRDSGTTCRIFFFFFRGAGTPAGYWDGCFVCNSGVTKYEEDTHRNKSYWHGLWWNVEEKNIMIEDETHSIKNNRTLRVVCVWCRQCLIEGEHCPVCKFVYDNERNFYGCFLPWLHECNKCHIFDFWLNEKNEWWSLGHTRRGGGAKYQAGEGRYDKGTCFCKSMFKIPGNPISGTFQHISDVHSAYDHPSQKANSHMPADYVGWCYMDMATPQGQSHFHIKHCRGGWMPYIAVQNEPHGTSNREFSYVMCPPKESSVPNGVSTISLSTPIVAPPKKHVTQVNSCAFFNIVKGPTDNDWQWFAKSSDWY,-308
TVFETLMRRRRVDQMVYNESFQGWWHNALDTVWILKVYNRRWFADVFEMDGVPVQLWKWVGMQTYPENFPSIDSLLRYPIIMLFNLGPTGIDTVNIELRKECITTQAIWGSCQRSVVSQHLMIRQTREARMTEFAIWGTPQMFSTPQLNSNNQLWSNSYMKHLKDEQKQKVDSWAYWCWCGQCVFGMCN,WYTRCRITAMTTPFGWVAHIDPMDMWKSKNVCKCDHPWFKQKSQNQDRNAEASDWSTRRAICFFTTIHKMTKASLQDKYPFYIRARHTYMLMEETKSHNCCEWGFGCHTLAICHEKCLKAIAFVRLSTEDMRFYWFDCAQFIQAMNNIDQPQRPLRTWCLCHQVPHDRIHRQQWGQIFKARCVQATVHFGLTGRWVCHDECGLDICQLTQQWKTDKWQKMQNQWLGGRVEFWEIVQSQEKMGVCNYEKNKH,--T-VFETLM--RRRRVDQMVYNESFQGWWHNALDTVW-ILKVYN--RRWFA-D--VFEMDGVPVQLWK--WVGMQ-TYP--ENFPSIDSLLRYPIIMLFNLGPTGIDTVNIELRKECITTQA-IWGS--CQR---SVVSQ--HLM--IRQ-TREAR-------MTEFAI----WGTPQMFSTPQLNSNNQL---WSNSYMKHLKDEQ--KQ-KVDSW--AYWCWCGQCV-F----------GMC----N-- WYTRCRITAMTTPFGWVAHIDPMDMWKSKNVCKCDHPWFKQKSQNQDRNAEASDWSTRRAICFFTTIHKMTKASLQDKYPFYIRARHTYMLMEETKSHNCCEWGFGCHTLAICHEK-CLKAIAFVRLSTEDMRFYWFDCAQFIQAMNNIDQPQRPLRTWCLCHQVPHDRIHRQQWGQIFKARCVQATVHFGLTGRWVCHDECGLDICQLTQQWKTDKWQKMQNQWLGGRVEFWEIVQSQEKMGVCNYEKNKH,-218
FPMPKSEAAPYLQAASTPKGYEVTRDMQPGTIFDCAMVFDTWKRPGHHGNWKRGCLLSQWACYDTKHCLCWPHNETRFRWDKYHSTMCDLCAFNCLDCLEQDTQYRLPYFIESTGGCLGKYMVMMTKVHDVTQNNMRSLFGYCHIGCMGWNRPYGTHQLHTQAWRQPLWLTVASWIYQSYIIATEARGLQTEDESDLAMM,CNYDLFMCQAWKDSETDLKLDVSRDIRIHWWQCYMCSAITCCFV,FPMPKSEAAPYLQAASTPKGYEVTRDMQPGTIFDCAMVFDTWKRPGHHGNWKRGCLLSQWACYDTKHCLCWPHNETRFRWDKYHSTMCDLCAFNCLDCLEQDTQYRLPYFIESTGGCLGKYMVMMTKVHDVTQNNMRSLFGYCHIGCMGWNRPYGTHQLHTQAWRQPLWLTVASWIYQSYIIATEARGLQTEDESDLAMM ----------------------------------C--------------N------------YD----L--------F--------MC--QA-------WKD--------SE-T--DL--------K-LDV------S----RDI------R------IH--------W-----W--QCY--MCSA---IT-----CCFV,-304
GKVKAPFHLSYSCISADRDMKMWTLERILMYVCHQDSYRIFWWPHDNQMNIAKKFLGDNICRKRWSFHHTCESKIGCPPSCIEEDWTILKLFATFFLRCQSCWAYGDGYDCWVQNRDKIPYPWFVKGWVYFVYNRFWAWEHHWGVDVITTGEWNSERGLNPFEENCIVIGECNIYNFFAGMTYPDHWFRHVNRNFRCVFHMSIVSMFKYKIVKWFVHHMAEYQMIFMVIFCNPYHERMIRHMEFFGDTHGGFHTVLITV,CENTIVERSTNTGACRVSGSGKMGLVQYQEGDVWHHIEWTGFGLWGVSITEMLPEGYWFMYDGEHADGVIAAFLYVYNMCQVWSVMEKWEEKDGFYHGMYQDWIFKFKGQKELTPDVPTWVIWEIPTLGNLFLQANACWFWIWAHRGCCRIWQSKPTAKDWSYSHWGKEYPPYISNTAPNHWFVGHSEFLTNDKMISCFIIPPYCMMTYRHTEKILMNESCYFKILPDFINMIARHDGPRQWVHCVFVCWKWCWPNTRSRLTRTHPQPWGRNPTNLNRHRFIMCQVFSDFGKRNTFWGVCTQYRLW,---GKV------KA-PFHLS-YSCISADRDMKMW-TLE---RILMYV-CHQDSYRIFWWPHD---NQMNIAKKFL-GDNICRKRWSFHHTCESKIGCPPSCIEEDW-TILK--LFATFFLRCQSCWAYGDGYDCWVQNRDKIPYPWFVKGWVYFVYNRFWA--W-EHHWG---VDVI-TTGEWNSERGLNPFEENCIVIGECNIYNFFAGMTYPDHWFRHVN--RNF--RCVF-HMSIVSMFKYKIV-KWFV-HHMAEYQMIFMVIFCNP-YHER----MIRH---M--EF--FG--DTHGGFHTVLITV CENTIVERSTNTGACRVSGSGKMGLVQYQEGDVWHHIEWTGFGLWGVSITEMLPEGYWFMYDGEHADGVIA-AFLYVYNMC-QVWSVMEKWEEKDG-FYHGMYQDWIFKFKGQKELTPDVPTWVIWEIPTLGNLFLQANACWFWIWAHRGCCRIWQSKPTAKDWSYSHWGKEYPPYISNTAPNHWFVGHSEFLTNDKMI-SCFIIPPYCMMTYRHTEKILMNESCYFKILPDFINMIARHDGPRQWVHCVFVCWKWCWPNTRSRLTRTHPQPWGRNPTNLNRHRFIMCQVFSDFGKRNTFWGVCTQYRLW,-241
EDAQKTWSFMHYGAQFDFNWTFEMHINKKEGEHAWCNWWEIQCKQDIQQHEMKESFGYYSYRANMFLVKLQIKQRRPDDGPILPKIEHEKVHCKNERSAASQKFGSHGNGWTCLVKNVNKDPLC,YPWCTCHEGIGHTMVSTAWNRINIPNVVPWMCDMWWFKNNCPDGRVTILPFAVAPHDMVDYKQYRSAFLQWWPAYRQPKCWRWKVYPVRPNKYQNFKRSKCYHRDPKA,EDAQKTWSFMHYGAQFDFNWTFEMHINKKEGEHAWC-NWWEIQCKQDIQQHEMKESFGYYSYRANMFLVKLQIKQRRPDDGPILPKIEHEKVHCKNERSAASQKFGSHGNGWTCLVKNVNKDPLC ----YPWCTCHEGIGHTMVSTAWNRINIPNVVPWMCDMWWFKNNCPD--GRVTILPF----AVAPHDMV--DYKQYRSAFLQWWPAYRQPK--C--WR-WKVYPVRPNKYQNFKRSKCYHRDPKA,-97
LVRFLCKTNMQSSLQYRDSSIEHMSWFMEWMCQHIRKFYGFWIMVVKHQFKKSSTSIRLIGDSDQMCFSRIAILVFQIRFPKFCCNCLILCMWMMASQHQFPRDYELIGWIEITDPGNFPMMYELPALCYKQFIFFFPHIMVCSDYICLSFHFGTTFCNRMRDWKVSDQHPDWESEEGDDIYWMTKRMNHKREDVCFCYYYWCEEWKWCNPLLAETIMHDPNYMTVPNYRFRSPPDLESNSTDSDDCGVEGTCLARCVCRLLYEYRVASGFMHFDDYQMIIAAHLAFEGRTHINEHHNGPSTHMQAFY,WTSFAGSERGTAQAQRYAVDMRKMDKESYVDLWPVGILLCCYPPLCLKCNIYAVFTDTMVGWDATICWCDNTLGSYQSIKMTMNDLKASTVCKRQVASACESYYPKIPKFGHIDLWCKQEASPDNEPRPDVYWVANHCMGGCEIESDIICWDLHFMCKWFSCFLIVNWHQRAEW,LVRFLCKTNMQSSLQYRDSSIEHMSWFMEWMCQHIRKFYGFWIMVVKHQFKKSSTSIRLIGDSDQMCFSRIAILVFQIRFPKFCCNCLILCMWMMASQHQFPRDYELIGWIEITDPGNFPMMYELPALCYKQFIFFFPHIMVCSDYICLSFHFGTTFCNRMRDWKVSDQHPDWESEEGDDIYWMTKRMNHKREDVCFCYYYWCEEWKWCNPLLAETIMHDPNYMTVPNYRFRSPPDLESNSTDSDDCGVEGTCLARCVCRLLYEYRVASGFMHFDDYQMIIAAHLAFEGRTHINEHHNGPSTHMQAFY ------WT----S---FAGS-E------RGTAQAQR--Y-AVDM-RK--MDK--ES-----YVD---LWPVGIL--LCCYP---PLCL-KC-NIYA---VF-TD-TMVGW----DATICWCDNTL--GSY-QSI-----KMTMND---L---KASTVC--KR--QV---ASACES-YYPKI---PK-FGH--ID------LWC---K------QE-ASPD-N---EP----R--P----------D--V--YWVA-NHCMGGCE--IES------D---IICWDLHF--MCKWFSCFLIVNWHQRAEW,-316
YDDCPPPMGYVGNPQAICWVYRHAQQWYLSMFMRMAMATECEFQPYMMNNEISTPWLQGQSNCTPIMELDTKLWFFKETKECLAKFIGKKVFEDSTQKQFFIFCCFHAAQISKAQNGVTSNWQQRFKMAQNFCFGIYSRGVFIAREYWKDNIVNMWMRSVYPQAFLEFPVECPQKPNICVSLMNERTESLVRHNMHNMHGKQTRVSYNPRNCSWSCFHFIMIFELYPSGNHHSQPTYTLITYPYSVS,PVQNNDHNFVRKQHLCVTARSWISEIYEHFGHMFVEETAWNCFITHTNMGHLICFRTFWSEKPVFPQANLHTDCIVTSGIIYGGQWQIDLTSKSLCLCSINGQAITSNMHVGPPRIVFCHVDPFNAYLKLWMEPDRAPEMIMWMCKVGNDLEIKAGSVLIPWKYGPHLPAWYDTRICVTDPNSKTEEHQGIMIHMGETAAWQQPRNMDVCGSKRIL,YDDCPPPMGYVGNPQAICWVYRHAQQWYLSMFMRMAMATECEFQPYMMNNEISTPWLQGQSNCTPIMELDTKLWFFKETKECLAKFIGKKVFEDSTQKQFFI-FCCFHAAQISKAQNGVTSNWQQRFKMAQNFCFGIYSRGVFIAREYWKDNIVNMWMRSVYPQAFLEFPVECPQKPNICVSLMNERTESLVRHNMHNMHGKQTRVSYNPRNCSWSCFH-FIMIFELYPSGNHHSQPTYTLITYPYSVS ------P---VQN-NDHNFV-R--KQ-HLCVTAR-SWISEIYEHFGHMFVE-ETAW-NCFITHTNMGHLICFRTFWSE-K---PVFPQANLHTDCIVTSGIIYGGQWQIDLTSK-SLCLCSINGQ--AITSNMHVG-PPRIVF-CHVDPFNAYLKLWM---EPDRAPE-MIMWMCKVGNDLEIKAGSVLIPWKYGPHLPAWYDTRICVTDPN-SKTEEHQGIMI--HMGETAAWQQPRNMDVCGSKRIL,-192
PDGESNVICKGSAPDVMDNFCGIRITQVIPDHFFWIHLEDVGSWNSESEMQDWNQPNFEAPTISKQWTWGGSQFHGLTYHTNYFCRMCEHVWEQWCSACSLPYLQCCGVQNDCVYEAAAQTYEFQVAKHTYKKDYPEDDNYQECWFNYQGGRWNSDSIWYRAACWELFY,VPWDTDGNHHGPLRTMQYDTYTALGTIGKNIEQHQGFPDNPRTLHSLLWDAIYIWYHACEYLMVIGAVANKIFEEYDPNAIREDCFFQNWFCDQWLFRMGVRNIPHCGMCRIPVCKLKVQQHDPGYWQVQGMFSHILQDLDEYLKSDGLECKCQIYTMMQPIDWCY,-P-DGESNVICKGSAPDVMDNFCGIRITQVIPDH-FFWIHLEDVGSWNSESEMQDWNQPNFEAPTISKQWTWGGSQFHGLTYHTNYFCRMCEHVWEQWCSACSLPYLQCCGVQNDCVYEAAAQTYEFQVAKHTYKKDYPEDDNYQECWFNYQGGRWNSDSIWYRAACWELFY VPWDTDGNHHGPLRTMQYDTYTALGTIGKNIEQHQGFPDNPRTLHS-LLWDAIYIW-YHACE-YLMVIGAVANKIFEEYDPNAIREDCFFQNWFCDQWLFRMGVRNIPHCGMCRIPVCKLKVQQHDPGYWQVQGMFSHILQD-LDE--YLKSDGLECKCQIYTMMQPIDWCY,-137
HCRIRVQAAHKTRYFSRPIYDYWIPLDEDMIHIVWLIPDQVSLNV,KIWNYATGEPYAMYRRAMDYQPMNMPKMARWLCMNWAFVPYIPIAEEDPQHKKDPPGKVQDDPQYLDNVKFRLSHEQLETNHHMGWNQGLSKSHACAHMHRAWNDEMYTKMGKCYGKEVWADFHKYTNKLPGGDTSGCFKAFPTTRRQTMCPKYTRWTWLRGKAHDPPVIQWVCISYFLIYDGAQNMECVLTNQQINIGQGVPQEMEQSWCWITDTDGIMRKWWFTWHLQQENFDWASLGRKSHQSCVWFCPYDKTSHPEFVYHCMCDNEDVEHKTARRNRRS,-------------------------------HC---------RI---------------------------R--------------VQ------A-A--H---------K--TRY-------F------------S----------R----PIY-----------D----YW--I--PL--D-----E----------------DM------I----HI------VW-L---IPD---------Q--V--------S----------LN--V----------- KIWNYATGEPYAMYRRAMDYQPMNMPKMARWLCMNWAFVPYIPIAEEDPQHKKDPPGKVQDDPQYLDNVKFRLSHEQLETNHHMGWNQGLSKSHACAHMHRAWNDEMYTKMGKCYGKEVWADFHKYTNKLPGGDTSGCFKAFPTTRRQTMCPKYTRWTWLRGKAHDPPVIQWVCISYFLIYDGAQNMECVLTNQQINIGQGVPQEMEQSWCWITDTDGIMRKWWFTWHLQQENFDWASLGRKSHQSCVWFCPYDKTSHPEFVYHCMCDNEDVEHKTARRNRRS,-459
FAWEFGFFNITEHPSGTMRNDPMYLLSKHIGTSGRVCVVSREMHANKYEQAQWPLWWLVKSISSNVCNNHSHIPLQTHSKQQVWLENQVTKDNNCNVPRCKMIILAIAGEYSRCTHPDWIKTHKREQIICVIVRAMIDWIMKWLQHCAKSWLYDPMWMYVDPPCSWISPNKEDIRMSTDTWKAWFEPFPLVYW,CDVLRLFWYAMDQKLMVLGPCRRLHSYPDEDGEVYCPTSFWPWMLYHTPTAHMWPPHQNNYVRDHPNSYIWKMTDEKYYSVLSEFTWSRFGHFSLVHKPFRLMQCIDQLTVIVLMFPTYVEKVCDNHEDRWNQWAWTQRMNNMKDYIIERWGYTPYWNYDYQHHNWKWVQQERALDFHRQTDYMFPNTMACSVFYRQHCDRVKLHFRPEVFYMCQRMMIVFRYHDLQEEKEHPMFYLMSIYTHFCDMDQMRIIRPLQYQMYYLGGWGNSHKRLQSLNKLFNRRQICPH,--FAWEF-GFFNITEHPSG-TMR--NDPMYLLSKHIGTS----GRVCVVSREM---HANKY--EQAQWPLW--WLVK--S-IS--SNVCNNH-S--HIP--L-QTHSKQQV-WL--ENQVTK--DN-----N--CNVPR---CK-MII-LAIAGEY--SRCTHPDW-IKTHKREQIICVIVRAMIDWIM----KWLQHCAKSWL-YDP----M---WM----YVD-------P---PCS-WISPNKED----IR-----M-STDTW----K------AWFEPFPLVYW CDVLRLFWYAMDQKLMVLGPCRRLHSYPDEDGEVYCPTSFWPWMLYHTPTAHMWPPHQNNYVRDHPNSYIWKMTDEKYYSVLSEFTWSRFGHFSLVHKPFRLMQCIDQLTVIVLMFPTYVEKVCDNHEDRWNQWAWTQRMNNMKDYIIERWGYTPYWNYDYQHHNWKWVQQERALDFHRQTDYMFPNTMACSVFYRQHCDRVKLHFRPEVFYMCQRMMIVFRYHDLQEEKEHPMFYLMSIYTHFCDMDQMRIIRPLQYQMYYLGGWGNSHKRLQSLNKLFNRRQICPH,-273
QPDLMYFVTVDLCEQNKPGMYKQYRKTMGVKWRELTQGIQIHNKFMDNMNEIIYQWCAQQKKIILPGRKHSRPEEQAGGIWVWIKQSRYCIMFLCWTANSSIGDQTVFGLGVQFHKLRPPKFLIVHGPDKCYMLMADAWVSHTPALAKFQGNHAAPVCCVMQWKPGQTFPEDLRPQWIFEHPYQSEMPTYAGYQHLPPSWVDHQQYFDQLLWSQNKRTDAYYNSWYADPPCGPMATENWAH,ISGSTAHFAWAHEWVVRYHNLKDRESEFAEIEMVDTPFVPRMIKIGDAYFQKHIVRQ,QPDLMYFVTVDLCEQNKPGMYKQYRKTMGVKWRELTQGIQIHNKFMDNMNEIIYQWCAQQKKIILPGRKHSRPEEQAGGIWVWIKQSRYCIMFLCWTANSSIGDQTVFGLGVQFHKLRPPKFLIVHGPDKCYMLMADAWVSHTPALAKFQGNHAAPVCCVMQWKPGQTFPEDLRPQWIFEHPYQSEMPTYAGYQHLPPSWVDHQQYFDQLLWSQNKRTDAYYNSWYADPPCGPMATENWAH --------------------------ISG-----ST----AH--F---------AW-A-----------H----E-----WV----VRY--------HN----------L-----KDRESEF--------AEIEM----V-DTP----F----------V---------P---R------------M-IKIG---------D--AYF------Q-K--------------------HIVRQ,-361
LWHATHEEQMRALGCLPRRLWMWNQHWQRDVWGSFTITVAYKFTKWNCCLAKNEHYQAWYKYNSIMFSLYMNNSRKHDHLRYCGPFNPSAIPPCWIVQQCPMYCQWFDPAALRFWTWFKKQQSADWEHASMTCISCGDDESWIDQSMNYYCGPYEPVPWYNEDWPTT,DCDEWAYDPIIKSWMNSNIVRVKRWNKDNTCHLLRIAYAQIQVSHHKKENHQKCRCMTTRCMHCNPISKREIVFCFLMKWVLMENNFGWNPEPPVHTASCINCMGMSNRTVYHARHCSVQNTLYPSKVHQCVATNTCRWAYFKNSYWEMWEQNQFWQEGKVRSESYYSMDHGCYSPLAPVASQACHCRGASKHWCAASIVMKTWPVAVLIYCFMQMNHRLCYWNILHIRNHYKRLMHIQRCNTCTITGTSWCYVLSGCQPLACK,---LW--HATHEEQM--------R---ALGC-LPRRLWMWNQ---H----WQ--R-DVWGSFTITVAYKFTKWNCCLAK---NEHYQAW-YKYNSIMFS--LYMNNS-RKHDHLRYCGPFN---PS------AIPPC-W---IVQQCPM--YCQ-W------------FD-----P-AALRFWTWFKKQQSADWEHAS--M-T-----CISC-----GDDESW-IDQSMN-Y-------YC--GPYEPVPW-Y--NEDWP--TT DCDEWAYDPIIKSWMNSNIVRVKRWNKDNTCHLLRIAYAQIQVSHHKKENHQKCRCMTTRCMHCNPISKREIVFCFLMKWVLMENNFGWNPEPPVHTASCINCMGMSNRTVYHARHCSVQNTLYPSKVHQCVATNTCRWAYFKNSYWEMWEQNQFWQEGKVRSESYYSMDHGCYSPLAPVASQACHCRGASKHWCAASIVMKTWPVAVLIYCFMQMNHRLCYWNILHIRNHYKRLMHIQRCNTCTITGTSWCYVLSGCQPLACK,-259
DQKTIDEEKSKSMGHLGKGWSHIVRYEANPCTTFTKIMCCSDRNFPDVSMQDLMPNPWRTWIQWQVMSDCLVERVHWPENTPTQPNTMPMRSSCACMADTFLMYFENPLYHDRMVMKQDTDDIPNLYPVNRREIPSFQSTILSWPECNERCEEKWNQQPFHECHWIISWDQKDMYTHNCLRKSHMSIEAFNTSSIEMCKTHANMWGTTNR,AWETRRCKCKCKMDAFWPYKEMICKTAQMWMQHRINVFERFSMSEPYTRCEWVKVNCCEFIPHDFLVHFRPMQQCNAQLAESDNMWKRMLIGVYKCICNRRWTNKIHEGHHLGVLNADWQIQVEFPIKDFCKTYNMKRHDDMWPELVYAQLCLVEFLETGCTTFTWGSYIWKRRRHQHAGYGPTGYFARHDWHGALIIIHRHDPRMICECAQERYYSKKILPQTCFEKMIHTPNSEDHDSPKKQPFSMCKIGWEHEGKRFPFIKLTH,-------DQK-TID-EEKSKSM-GHLGKGW-SH-I-V--R-YEANPCT--TFTKIMCC----SD--RNF-P--DVSMQ-DLMPNPW-R------TWIQWQVMSDCLVERVH-WPENTPTQ-PNTMPMRSSC--ACMADTFLMYFE---NPLYHDRMVMKQDTDDIPNLY-PVNRR-EIPSFQST-ILSWPECNERCEEKWNQQPFHEC-HWIISWDQKDMYTHNCLRK-SH--MS--IEAFNTSSIEMCK---TH---ANMWGTTNR AWETRRCKCKCKMDAFWPYKEMICKTAQMWMQHRINVFERFSMSEPYTRCEWVKVNCCEFIPHDFLVHFRPMQQCNAQLAESDNMWKRMLIGVYKCICNRRWTNKIHEGHHLGVLNADWQIQVEFPIKDFCKTYNMKRHDDMWPELVYAQLCLVEFLETGCTTFTWGSYIWKRRRHQHAGYGPTGYFARHDWHGALIIIHRHDPRMICECAQERYYSKKILPQTCFEKMIHTPNSEDHDSPKKQPFSMCKIGWEHEGKRFPFIKLTH,-228
CWMRQSPISSQWHQYRFQRMRMGTIPVIGRSCDKCTSCYHIKNCMMPPQMLHCNPPDDSGRIFSRTVMTQKWCRAQEFTAREDPHEASRMDRSGDTKDEFWGCMAYTDYIVCRISFQCFNIHHGCVFRGSSVDYRWDPHTSYHGYADIYWPDPIRYTTGNSRENAYYLLQSIPAVKSVQKAPMSSRCCVHTNDERAHACGINYWLDLMREDYCEDDFDHFALCPSHWDNWRFCWGQKENSQHPMCDAVWPLWVEHYYGLCMAVQ,FIWWWGTVITWKEKPIYSQEQEVRYFIWEDKPFPWWCQERPFTDAMQYHSSVPRMLLPEMCIGLHFQAWDHHVMPRNNELIQDGCAYLRKQFKFSRKPQVTMFR,CWMRQSPISSQWHQYRFQRMRMGTIPVIGRSCDKCTSCYHIKNCMMPPQMLHCNPPDDSGRIFSRTVMTQKWCRAQEFTAREDPHEASRMDRSGDTKDEFWGCMAYTDYIVCRISFQCFNIHHGCVFRGSSVDYRWDPHTSYHGYADIYWPDPIRYTTGNSRENAYYLLQSIPAVKSVQKAPMSSRCCVHTNDERAHACGINYWLDLMREDYCEDDFDHFALCPSHWDNWRFCWGQKENSQHPMCDAVWPLWVEHYYGLCMAVQ ------FI---W--------WWGT--VI-------T--WKEKPIYSQEQEVRYFIWED--KPF------PWWC--QE---R--P----------FT-D----AMQY-HSSVPRMLLPEMCI--GLHF------QAWD-H---H-------VMP-R----N---N---EL--I------Q-------------D------GCAY---L-R-----KQF-KF----S-----R-----K------------P-QV------TM-FR,-324
DASKWEKLIFNMCRLATSFPLFNNHIPSRDHHSGCFDPVSRQRFKAMWPMYRRRLLQILFMRIDVNIDIAYYFRRRLTDYKFLFVCHRSKVLSGTRYAHTKQVVYVFFTYAIKQKSIYHCIDTKLVDTWT,DKVRYQFNHVVEKVCVKDKEGFWVRCQDDNTIVTIIQLPMRIAKPTSNQKFGFSDWGNAITTILWGFLSGCHGAMQSNMEWFGFQHNPFYSTTRILPPWNDAFLSECVRCHEDMWEVMGNTGKSAGVLKDPLPNKTGIWKPEVLQVSSKYSSIWQFDVWMYEPWFPKWDYFSCRLYMNISFCFWQNSMMNRDVVARTLVIGTESCKLAWIDFCVDHKHMIHKNDTYPWRSMHKRESGLRFQC,D---------ASK---WEKLIF-------N--------MCRLA--TS-----FPLFNNHI--PSRDHHSGC-FDPVS-RQRF-KAMWPMY--RRRL----LQIL--FMR--ID---V--N-IDIAYYFRRRL---T-DYK--FL-----------F-V----CHRSK--VLSGTRY----AHTKQ-------VV---YVFFTYAIKQKSIYHCIDTK----LVDT--W-------------T DKVRYQFNHVVEKVCVKDKEGFWVRCQDDNTIVTIIQLPMRIAKPTSNQKFGFSDWGNAITTILWGFLSGCHGAMQSNMEWFGFQHNPFYSTTRILPPWNDAFLSECVRCHEDMWEVMGNTGKSAGVLKDPLPNKTGIWKPEVLQVSSKYSSIWQFDVWMYEPWFPKWDYFSCRLYMNISFCFWQNSMMNRDVVARTLVIGTESCKLAWIDFCVDHKHMIHKNDTYPWRSMHKRESGLRFQC,-256
TPRKMCFEVHCKCKIFMSQWFGFVEDAQASQIYCFKQTDDFACMNVKNQRNATKSWVEPTEYKGCLTIMGKYSWNTWSCSHHCSLCWARRIQPTYWPCWHVHTNKVYVGQCQQSPKAKMDRV,VTSNNMIKPCDAKEGDWKDDFNAFFNVLVEFQRARRMSLMFVWTAWMYTRIRSPGLKCIFDTAHPQKPTNAKYIWYPQCRVLFQNNTNGMYAVTGKVVDSWHTGLQEPWYEMYVHMSERDFKWDKVMGKSWTRCLYNHVDKLSMADHCPEQQHCLLNEKMIQYHNQATRKQLDVQYCIWSWADWKMEQDVHIHDVPRDKYCFNDKRYIIFEPAFMAWYKRKVWFAHCAHDFAYCEILYILQADCTFPTIDKESFHWWLGFRIVVFKGVKYVWTFHGYIPYELRVPKNLILCWQGYTESSSWCIPHAPAVWI,-T---PRKMC--FEVHCK---CKIF----MSQ-----WFGFVEDA-QASQI--YCFKQTDDFA----CMNVK----NQ-R-------N---A-T-K---SW----VEP-TE-Y-------KGCLTIMGKYSW-----N---TWS----C---SH----------H-----CSL----C---WA--------------R--------R--I-QP----TY----W--PCWH------------------------VH--------TNK-V-YV----G-------------QC-Q-----QS---PKAKMDRV VTSNNMIKPCDAKEGDWKDDFNAFFNVLVEFQRARRMSLMFVWTAWMYTRIRSPGLKCIFDTAHPQKPTNAKYIWYPQCRVLFQNNTNGMYAVTGKVVDSWHTGLQEPWYEMYVHMSERDFKWDKVMGK-SWTRCLYNHVDKLSMADHCPEQQHCLLNEKMIQYHNQATRKQLDVQYCIWSWADWKMEQDVHIHDVPRDKYCFNDKRYIIFEPAFMAWYKRKVWFAHCAHDFAYCEILYILQADCTFPTIDKESFHWWLGFRIVVFKGVKYVWTFHGYIPYELRVPKNLILCWQGYTESSSWCIPHAPAVWI,-381
WTNVAFLKWSQYQFRKLKYQMPHLYSDTECKIDGMMNRIFIQWDFYWEIIYYHGISEQTGVLTSMMNSIAWNAQYYVDPIQSFGQPLEFIPDVIRWKKCVAPICFCII,YIGAMGGFIMFQNGEHSIFTWLKETAYLEDAYFDHITHMSESVGTIQHKHCGNLDNIGAAVIEWYMGRGGSCKRQVSTGSWHARMSKWVYMRF,WTNVAFLKWSQYQFRKLKYQMPHLYSDTECKIDGMMNRIFIQWDFYWEIIYYHGISEQTGVLTSMMNSIAWNAQYYVDPIQSFGQPLEFIPDVIRWKKCVAPICFCII -YIGAMGGFIMFQ-NGEHSIFTWL-KETAYLEDAYFDHI-THMSESVGTI-QH---KHCGNL---DNIGAAVIEWYMGRGGSCKRQVSTGSWHARMSKWV-YMRF---,-87
VFDNVKIILYAGHVYFLRCKMYFWPYKITHFMEYMYQHEENGTWGEVCPPKIGPKKNNNVVTKVSKDFHIVNLHYPEAHYCLCRLYGSKLPTLELSGDMRHFWYKVNSYKIDGYGSACWYWPKIQSYHNCDQRDHNKIWAQCWWYEFIWICWTARQMWAPYIDYDHKTFYRWKPWHEHCHSVNQWWFMRQDWLMTPVRVRLLKQPQAAKWKWGEWLLFAQFRRHMQEEWLPQMQPYECVNFGEKKYFNPRQACNQQYGCSNNYSLDISTWLRAVTAPDPILVTANIQKVSWVCVRACEIPTIDHFMNFGHDLEWPMRSDCQPMFRLPMSMAGLWDIPIWP,ICNITTFYHGRCQVCMTCRIMSSNKINDSVRKTIHCNVLGGVYEWGDAGQLYMIREEMARCMMWQGRQGKWFVHFRVDHYKLGSKWEPNLTQCVTIDIWGMCYYLNRKTCHQIMQMDGLVHNPCFDLCELDPHLDSHIAYPWQDFVIIEGQDEEEIDSIYKFTPPQSEVQHQHQDTTITHA,VFDNVKIILYAGHVYFLRCKMYFWPYKITHFMEYMYQHEENGTWGEVCPPKIGPKKNNNVVTKVSKDFHIVNLHYPEAHYCLCRLYGSKLPTLELSGDMRHFWYKVNSYKIDGYGSACWYWPKIQSYHNCDQRDHNKIWAQCWWYEFIWICWTARQMWAPYIDYDHKTFYRWKPWHEHCHSVNQWWFMRQDWLMTPVRVRLLKQPQAAKWKWGEWLLFAQFRRHMQEEWLPQMQPYECVNFGEKKYFNPRQACNQQYGCSNNYSLDISTWLRAVTAPDPILVTANIQKVSWVCVRACEIPTIDHFMNFGHDLEWPMRSDCQPMFRLPMSMAGLWDIPIWP -------I----------C-------NITTF----Y-H---G-RCQVC--MTCRIMSSN---K-IND--SV---RKTIH-C-NVL-G---------G--------V--Y---EWGDA------GQLY---MIR---EEMARC-------MMWQGRQ----GKWFVH--F-R--VDHYKLGS---------KW--EP----NLTQ-CVTIDIWGMCYYLNRKTCH-Q-----IMQ-----MDG--LVHNP---C--FDLCELDPHLD-S--HIA--YPWQDFV---I------IEGQDE-EEIDSIYKF-----TPPQSEVQ-------HQHQDTTI-THA,-367
YTWVDNIHQAAWRMMPGHHGAFMDCILFAYEAAFYHKKNFSVIDIVHGAKAAGAPANNWRCKCPADNTYMSFWGQICMCEPGIMMVCYSNILVYVKVVDASSWMMPKQYNFPRAEYLREDSYSWQQLPRNMRHDFMEFHVQPVDDNQIWYIFRILIFNGMRWTFTMDTQKPRPCYADISNSRVDYLLENIRRVLHWRNHKAFNCIILTAECWEIAPVCINSPYKEMESNWMTTLLAPCRNCQCARLDGHGQSPDIPDDKTDKLFHNYRCTMVLQMHGERQHIFHAMDCKGPVFLDCKYIHEIPIICDTAETHRKRIFIQMIRDDQIDNPDEDPLHENTVILCRDPQE,KTRFCVKLMGQEEHPVDGVPTNGIWSNAMAVRMTHTSTMSRTLDILCDKWFCFIPRRTWACIPNQRHGGLTPVWWKIMRPFCKQWNHKKQMRKAVSRRLKNTGAQWGTIISKWCSWLAMATRGPPNLENLPKRKHYGKWMQQ,YTWVDNIHQAAWRMMPGHHGAFMDCILFAYEAAFYHKKNFSVIDIVHGAKAAGAPANNWRCKCPADNTYMSFWGQICMCEPGIMMVCYSNILVYVKVVDASSWMMPKQYNFPRAEYLREDSYSWQQLPRNMRHDFMEFHVQPVDDNQIWYIFRILIFNGMRWTFTMDTQKPRPCYADISNSRVDYLLENIRRVLHWRNHKAFNCIILTAECWEIAPVCINSPYKEMESNWMTTLLAPCRNCQCARLDGHGQSPDIPDDKTDKLFHNYRCTMVLQMHGERQHIFHAMDCKGPVFLDCKYIHEIPIICDTAETHRKRIFIQMIRDDQIDNPDEDPLHENTVILCRDPQE KT----------R--------F-CVKLMGQE---EH----PV-D--------GVP-TN----GIWSN-AM----AVRM-THTSTM---SRTL--DILCD--KW----FCFIPR----R----TWACIP-NQRH----GGLTPV----WWKIMR--PF-CKQW--NHKKQ-MR--KA------V------SRR-L-----K--N----TGAQW----GTIIS--K-WCS-W----LA------MA---TRG--P--P---------N------L----E--------------NL--------P--------KRKHYGKWM----Q--------------------Q-,-420
MLEKLNAHWCLSYAHFLIPLAYLVTYKCCTVAQDLVCGGIIGMCQN,IALQIMGHDERHACYNPRDWVRDIYELMPMEWFMARQHQPIYYKSYVTSDLVFGTGHGGLFRRPFYCICGINCVKRSLIKPYRSPAAAVIHHNTSRVLNYLIAQYQGWIFYPFVHALCEYPWFTVSPSLCICACMNKFCCNNFLAVHHNSFPTWYVLQHVKWFMWITKLCHNHGPRQPDTGFYWNDGEDQQNAPNCAYCSETGLVAKAGRGQGLSKHPFPNYHNMESHGAWWRESSQGPMAISYVKNSKPRSNWFVKASKVELGIHDGTSSVSTDSDHWTDTTVTCPWKPHVNLLNETQQLYGQVWDNEQMHKHFTNRGIAHIILNKVSGCAMVYYSHQ,-----M--------------------L---E------------K---------------L-----------N---------------A---H---WCLSY--A-----------H-------F-----L-I-----------PLA---------Y-L--V-------------------T--Y-----------KC--C--T--V------------------------A------Q-------------------------------------------D-LV-C----------------G---------------G---II-----G--M---CQN IALQIMGHDERHACYNPRDWVRDIYELMPMEWFMARQHQPIYYKSYVTSDLVFGTGHGGLFRRPFYCICGINCVKRSLIKPYRSPAAAVIHHNTSRVLNYLIAQYQGWIFYPFVHALCEYPWFTVSPSLCICACMNKFCCNNFLAVHHNSFPTWYVLQHVKWFMWITKLCHNHGPRQPDTGFYWNDGEDQQNAPNCAYCSETGLVAKAGRGQGLSKHPFPNYHNMESHGAWWRESSQGPMAISYVKNSKPRSNWFVKASKVELGIHDGTSSVSTDSDHWTDTTVTCPWKPHVNLLNETQQLYGQVWDNEQMHKHFTNRGIAHIILNKVSGCAMVYYSHQ,-558
VQHKCTAQYWQTAGKKRCPHKYPIPKTRLHPWHSRSIHTRRGCTPQNQAVWRHKFLFRLGWEQQPTIRTTVPGYAPLNVAWLNIFVSNFHRIPYIVYNNCEIEAKL,CANWRSTKDTGNGWNIRENTQKAISKGFPWDMSDVGLPSLVSMSNKFPMLSWEVPITGICPHLWTIHVNEEMNNDQARQKGGTKRKYFRHADVESWMPRQNFITTYHDQDYMTIIRVGGCMAVTHRIRGPPSTGCFGVGPRHMRFHAWPVWIRASGQQRTCRQYPMICSWGNNCGSMLYKCPRKYAPKNMFDVRIYPERDWIEKYARYVHSHLVTLQVGEYIFQMDNRHNLWHPCAHCKYRNQWFKHT,----VQHKCTAQYW------QTA------------G---------K-----------KRCPHKYPI------------PK--T-R---LH----PWHSR--SI---H-----T--R-RGC---T------P--QNQAV-WRH-KF-----LFR-LG----WEQQPTI--RTTVPG---Y-APLNVAWLNIF-V-SNFHR--I----PY--------IV--Y-----N--N-------C---EIEAK-L CANWRSTKDTGNGWNIRENTQKAISKGFPWDMSDVGLPSLVSMSNKFPMLSWEVPITGICPHLWTIHVNEEMNNDQARQKGGTKRKYFRHADVESWMPRQNFITTYHDQDYMTIIRVGGCMAVTHRIRGPPSTGCFGVGPRHMRFHAWPVWIRASGQQRTCRQYPMICSWGNNCGSMLYKCPRKYAPKNMFDVRIYPERDWIEKYARYVHSHLVTLQVGEYIFQMDNRHNLWHPCAHCKYRNQWFKHT,-290
RRQFVYWSFMCSRGPRPNWQQVYTCLLIVNRECQPFTLGCPSGGFPCQDEDCWRGGMNPCVELQTWAMFGEYIARKREAHKNNFMDRPFACGLRKNAHMEVSGPGMGKFSFLAGTPGITFIDNWREQENVAWAQLNENADGTAWNWLRSFDPCNWVVGQFEIKGWNLPWPQSQTGIQDAPWEQTHMFQFGRHCIFVTVNIQKNRPTIWMHDACRAELIVGYFPSEQWDFPWDHPMCFTHCRNLEMVKHKRNESCCLRVNYKRHMLIQSQYKQGFDINVWGLLRPTVMNEGFDHWDYSMRCVGHRAQQISPSKEPCNRDNWGWGCCYLYEIAYYLWNMTDDHND,HHRFTMTTQHLHTQAFLDRILLIARANLWLIGMRGLTGEHFGLWLGKLHNGVKHQDLYIGFEHPIPRTMAMWTFGISLYADQHVSFVSFFFLAFWPIFSQFPQYSIHCQQYDFGLNKDVPNIIFRYFEIYDFRGHPQDDYTDIGKIQIYEKKTLKFKECPPEFTGTKSVDYITNRAPAWQCGRFDVMDFSPK,RRQFVYWSFMCSRGPRPNWQQVYTCLLIVNRECQPFTLGCPSGGFPCQDEDCWRGGMNPCVELQTWAMFGEYIARKREAHKNNFMDRPFACGLRKNAHMEVSGPGMGKFSFLAGTPGITFIDNWREQENVAWAQLNENADGTAWNWLRSFDPCNWVVGQFEIKGWNLPWPQSQTGIQDAPWEQTHMFQFGRHCIFVTVNIQKNRPTIWMHDACRAELIVGYFPSEQWDFPWDHPMCFTHCRNLEMVKHKRNESCCLRVNYKRHMLIQSQYKQGFDINVWGLLRPTVMNEGFDHWDYSMRCVGHRAQQISPSKEPCNRDNWGWGCCYLYEIAYYLWNMTDDHND HHRF----TM------------TTQHL----HTQAF-L---DRILLIARANLWLIGM---RGL-TGEHFG-LWLGK--LH--N--------G-VK--H---QDLYIG---FEHPIP-RT-MAMW-----TFGISL--YAD-----QHVSF------VSFFFLAFW--P-IFS----Q-FPQYSIH-CQ---QYDF-GLN--KDVPNI----------IFRYF--EIYDF-RGHP----QDDYTDIGKIQIYE--------K-KTL-----K--F------KECP---PE-F-TGTKS---V----DYI------TNR-APAW-QC------GRFDVM-DFSPK,-354
HKWAHQCLGGFEEQAEVCILLSNEVGTFHDHPIDAGDHAIFQDLTRGPYGPGSAINWDGYMRCLYTNKLEFQPNVSVSEITCTRMTPTVENAFIGKGISHQVLRHTIQRKKVCTTATPCTEWFMMSQFWIAASKRVTNFTKTSIRTHGPSPKYLHKNTWGFLQGPGADWHSATGCGLDWKKDNDHVESTIPMTNCPPHYIHRWNISEDCAVTEVRYGVELLNLEWILPWDKEELWVPDTQMWFYSYCITPRQIFKLLRTNVSRYHHSRETLWEMQACSFNRPECHNIACWFCMEAKNCQYMYFNLVMERYYTR,MAMWVNGDTFMFLKNKWGVALVLKCPHGCVKFRMDSYELPWVGNKDCPCLSHVQCDNTGVHWQMGWEKTADRQHIASIYPYKIPKHETWVHVSWHLHQASSTYFMHVSLNDPIWWKHNIVTAMEILLAVDTHNAFEDYTPERNWKWWFSIYDAMVYHEMCSSRDSSPAIFYDLWPNLLQILVHQTMAGTYFDEKMGYAFDHYLCTQRKSAMYNIEYHEGRPRKNWPRTDRDWPISWIFHQRRGINRCIVLIQCACSWKYRDMRVPVHTGKAGITRRLGHSPLSKIICPDKEEKFRGIRQPLYFQHEEHFWIWLKVCWKNASVCNCCCRIYFKETTCNFIEGYKGNM,-HKWAHQCLGGF-EEQAEVCILLSNEVG--TF-HD---HP----IDAGDHAIFQ-DLTRGPYGPGSAINWD-GYMRCLYTNK-LEFQPNVSVS-EITCTRMT--PTV-ENAFIGKGISHQVLRHTIQRKKVCT-TA-TPCT-EWFMMSQFWIAASKRVTNFTKTSIRTHGPSPKY-LHKNTWGFL-QGPGADWHSATGCGLDWKKDNDHVESTIPMTNCPPH-YIHR--W-NISEDCAVTEVRYGVELLNLEWILPWDKEELWVPD--TQMWFYSYCITPRQIFKLLRTNVSRYHHSRETLWEMQACSFNRPECHNI---ACWFCMEAKN-CQYMYF----NLVMERY-YTR MAMWVNGDTFMFLKNKWGVALVLKCPHGCVKFRMDSYELPWVGNKDCPCLSHVQCDNTGVHWQMGWEKTADRQHIASIYPYKIPKHETWVHVSWHLHQASSTYFMHVSLNDPI-WWKHNIVTAMEI-LLAVDTHNAFEDYTPERNWKWWFSI-YDAMV-YHEMCSSRDSSPAIFYDLWPNLLQILVHQTMAGTYFDEKMG-YAFDHYLCTQRKSAMYNIEYHEGRPRKNWPRTDRDWPISWIFHQRRGINRCIVLIQCACSWKYRDMRVPVHTGKAGITRRLGHSPL-SKIICPDKEEKFRGIRQPLYFQHEEHFWIWLKVCWKNASVCNCCCRIYFKETTCNFIEGYKGNM,-263
GMLMIIQVKNFLRSHGMKWFHSRNFYGHMPPWHNDTQAWCLDYTGDCSDIQKRWAKGNLPMMKSHTTLFCDPMRKVNEKLPKGQDQREYGSCPPYFQATHSVKELWKKDFASVLCRQWSDWPCTVCKIWIEARWLTHVFPGHSGNKRLMRYMTQNHRPVLRDPMKW,WKIWDIEYMYPCEQNKIMLQTEWFMTSYVLPYQKCIWTAWDLFNMMAESVCRLCEHPHWGQWHKDNFDRIHWIWKKFRLNHPDIMHLVMYHRYKPCEMVCEFLTQIIETAAIEMYFMSEVSMHWMYWGCGHKTNGQTA,GMLMIIQVKNFLRSHGMKWFHSRNFYGHMPPWHNDTQAWCLDYTGDCSDIQKRWAKGNLPMMKSHTTLFCDPMRKVNEKLPKGQDQREYGSCPPYFQATHSVKELWKKDFASVLCRQWSDWPCTVCKIWIEARWLTHVFPGHSGNKRLMRYMTQNHRPVLRDPMKW -------WK-IWDIEYM-YPCEQNKIMLQTEW-FMT-SYVLPY-QKC--IWTAWDLFN-MMAESVCRLCEHPHWGQWHK--DNFD-R-IHWIWKKFRLNHPDIMHLVMYHRYKPC-EMVCEFLT--QI-IETAAIEMYF--MS--EVSMHWM-YWGCGHKTNGQTA,-136
YNEFKMEHCNARPLQMRTPPGSTEARRPMCMMNTYEHAGLTQMHRNANHGMGQQYLQNIFCQGIDKYAYDTPHECAHNRAYSKCNYGCYQKLQINTTEADGTCWYHTNLYSYQELMNCRMHFGWTHEWLCTGNRDIHNEIIPTKQFQCIEPMMPYCCAQNVTDAGYITDLWEHIKMYEGKVPLVASFFGAVMSAAQVISVNNTKWDVLYATTEIVNHFTCMRYPFHMVNNEISSWNADAHMMGTFNQTQTRVYGVLDEYSVIWKYMCMCNFDAEKGTIQIHRNFAVIVN,NKLLETHGQWGQTEACAERRHTNIFPMTCPDHRSSIYSWIDRSSLYKCRNWLGIFGCHKWLKRQKGTWCAVDEEMKYACENYYIILYHVRTCPIRLLTKMFAWMLRKVTSDMFIWAPELWWHLVIAVEDDCQEEFDPVACTHMISAWMHMRMRCYGTDNCNCECFDPYLHPQLHLANPEYTYIC,YNEFKMEHCNARPLQMRTPPGSTEARRPMCMMNTYEHAGLTQMHRNANHGMGQQYLQNIFCQGIDKYAYDTPHECAHNRAYSKCNYGCYQKLQINTTEADGTCWYHTNLYSYQELMNCRMHFGWTHEWLCTGNRDIHNEIIPTKQFQCIEPMMPYCCAQNVTDAGYITDLWEHIKMYEGKVPLVASFFGAVMSAAQVISVNNTKWDVLYATTEIVNHFTCMRYPFHMVNNEISSWNADAHMMGTFNQTQTRVYGVLDEYSVIWKYMCMCNFDAEKGTIQIH-RN-FAVIVN -N--K-------LLETHGQWGQTEA----C-------A-----ER--RH-------TNIF-----------PMTCPDHR--S----SIY--SWI-----D-----RSSL--Y-KCRNWLGIFG-CHKWL---KR-----QKGT-WCAVDE-EMKYAC-EN----YYI-IL-YH--VRTCPIRLLTKMF-AWM-LRKVTS-DMFIW----A-PELWWH---LVIAVEDDCQEEFDPVACTHMISAWMHMRMRCYG-TD------NCNCEC-FD-PYLHPQLHLANPEYTYIC,-270
MLAGRSIPNCKGRYNCMRYQNPVIYGKRKYDLSFLYNKPMEGWPNKNQWGCASLTCHKPCWAAPIERMGEKWTRVQATHAWCGRHWDNAATFPICMGFEHGEPENCCFSIHNQNCFFATHKMCFERWFTWEFYMNPQQCHQHTYICNHTYREWNYARTQSPGDQFYIIDAYGCRCQKHYPSNNNLYYGPPAMHEILTLKATFYSQATNSMEVEKNCWYYGCSRWTEYCTTFQQGFPDLAPIDHMSSHFTYFMWYWCPHQFYPNVLSMICFVNQIYHFWFPVVYCTNQLHMIPWRFQPLKVSASSELPGSCHTFMQIWEEWLYRREQKRDVEVQCSLIQDYFMSHFSGMN,MTASDCIWIRVCNIRTTTNRCTRHFQENDRGYWIPQLTFEITYPDVKYPERFHDGHPGQPMMDPGCDEVMHVMPLIQERPQWPPEAATGYF,MLAGRSIPNCKGRYNCMRYQNPVIYGKRKYDLSFLYNKPMEGWPNKNQWGCASLTCHKPCWAAPIERMGEKWTRVQATHAWCGRHWDNAATFPICMGFEHGEPENCCFSIHNQNCFFATHKMCFERWFTWEFYMNPQQCHQHTYICNHTYREWNYARTQSPGDQFYIIDAYGCRCQKHYPSNNNLYYGPPAMHEILTLKATFYSQATNSMEVEKNCWYYGCSRWTEYCTTFQQGFPDLAPIDHMSSHFTYFMWYWCPHQFYPNVLSMICFVNQIYHFWFPVVYCTNQLHMIPWRFQPLKVSASSELPGSCHTFMQIWEEWLYRREQKRDVEVQCSLIQDYFMSHFSGMN MTA--S------------------------D----------------------------C----I------WIRV-------------------C---------N----I---------------R--T---TTN--RC---T---RH-FQE-N-DR----G---YWI-----------P---QL------TFEI-----T-Y------PDV-K----Y-----PE---RFHDGHP-GQP---M-------M---DP--GCDEV--M--------H-----V-------M------P--------L---------I-QE----RPQ-WPPE----AATGY----F----,-497
